image_path,true_label,baseline_prob,baseline_pred,robust_prob,robust_pred,baseline_error_type,robust_error_type,prediction_changed,transition_group,prob_delta,abs_prob_delta,white_candidate,boundary_candidate,dark_linear_candidate,context_type
C:\Users\amit nagar\Projects\oilguard\data\CSIRO\S1SAR_UnBalanced_400by400_Class_0\0\699_6400_9200_img_rMGne42XA9dW8mmQ_GBR_cls_0.jpg,0,0.38141865,0,0.36801525950431824,0,TN,TN,False,unchanged,-0.013403390495681788,0.013403390495681788,0,0,0,absent
C:\Users\amit nagar\Projects\oilguard\data\CSIRO\S1SAR_UnBalanced_400by400_Class_1\1\1742_4000_6200_img_GsWUt9OTAF23Fn2B_SIN_cls_1.jpg,1,0.48281875,0,0.478253036737442,0,FN,FN,False,unchanged,-0.004565713262558002,0.004565713262558002,0,0,0,absent
C:\Users\amit nagar\Projects\oilguard\data\CSIRO\S1SAR_UnBalanced_400by400_Class_0\0\1631_8000_7600_img_7wrHFvamTOpbNkqL_GBR_cls_0.jpg,0,0.63638407,1,0.4875825345516205,0,FP,TN,True,FP->TN,-0.14880153544837948,0.14880153544837948,0,0,0,absent
C:\Users\amit nagar\Projects\oilguard\data\CSIRO\S1SAR_UnBalanced_400by400_Class_0\0\1636_9000_7600_img_vuV5Ylo5LkRMUai8_GBR_cls_0.jpg,0,0.54901415,1,0.43444499373435974,0,FP,TN,True,FP->TN,-0.11456915626564024,0.11456915626564024,0,1,0,boundary
C:\Users\amit nagar\Projects\oilguard\data\CSIRO\S1SAR_UnBalanced_400by400_Class_0\0\2_400_0_img_dm8ohuiqk4USfQBB_GBR_cls_0.jpg,0,0.75248277,1,0.6771914958953857,1,FP,FP,False,unchanged,-0.07529127410461423,0.07529127410461423,0,0,0,absent
C:\Users\amit nagar\Projects\oilguard\data\CSIRO\S1SAR_UnBalanced_400by400_Class_0\0\296_8400_2600_img_iIB1xeoSIBcjPr3l_GBR_cls_0.jpg,0,0.50829232,1,0.442049503326416,0,FP,TN,True,FP->TN,-0.066242816673584,0.066242816673584,0,0,1,dark_linear
C:\Users\amit nagar\Projects\oilguard\data\CSIRO\S1SAR_UnBalanced_400by400_Class_1\1\0_0_0_img_JsqRIXAIp1OovUwr_JAV_cls_1.jpg,1,0.82585651,1,0.7521461248397827,1,TP,TP,False,unchanged,-0.07371038516021733,0.07371038516021733,0,0,0,absent
C:\Users\amit nagar\Projects\oilguard\data\CSIRO\S1SAR_UnBalanced_400by400_Class_0\0\2231_1600_8000_img_TzBayB2kp65WUlMn_GBR_cls_0.jpg,0,0.25475356,0,0.18396030366420746,0,TN,TN,False,unchanged,-0.07079325633579253,0.07079325633579253,1,1,0,white
C:\Users\amit nagar\Projects\oilguard\data\CSIRO\S1SAR_UnBalanced_400by400_Class_0\0\2046_6600_8200_img_crcgPTS72gmIJQqB_GBR_cls_0.jpg,0,0.49283168,0,0.3883008658885956,0,TN,TN,False,unchanged,-0.10453081411140441,0.10453081411140441,0,0,0,absent
C:\Users\amit nagar\Projects\oilguard\data\CSIRO\S1SAR_UnBalanced_400by400_Class_0\0\1798_400_7800_img_OkGlIpWgIUNgjVKA_GBR_cls_0.jpg,0,0.47108677,0,0.32601818442344666,0,TN,TN,False,unchanged,-0.14506858557655333,0.14506858557655333,0,1,0,boundary
C:\Users\amit nagar\Projects\oilguard\data\CSIRO\S1SAR_UnBalanced_400by400_Class_0\0\2274_3400_7800_img_B1eIutAD21g2KXsR_SIN_cls_0.jpg,0,0.4191964,0,0.4075254499912262,0,TN,TN,False,unchanged,-0.011670950008773828,0.011670950008773828,0,0,0,absent
C:\Users\amit nagar\Projects\oilguard\data\CSIRO\S1SAR_UnBalanced_400by400_Class_1\1\6_400_200_img_HOjPyxT3lnv2RVta_JAV_cls_1.jpg,1,0.80342847,1,0.7968072891235352,1,TP,TP,False,unchanged,-0.006621180876464794,0.006621180876464794,0,0,0,absent
C:\Users\amit nagar\Projects\oilguard\data\CSIRO\S1SAR_UnBalanced_400by400_Class_1\1\9_200_400_img_xdcdPGfGHrBF_VEN_cls_1.jpg,1,0.73557812,1,0.6566315293312073,1,TP,TP,False,unchanged,-0.07894659066879273,0.07894659066879273,0,0,0,absent
C:\Users\amit nagar\Projects\oilguard\data\CSIRO\S1SAR_UnBalanced_400by400_Class_1\1\2_400_0_img_DCmS1JExW4i1Douc_GBR_cls_1.jpg,1,0.76342869,1,0.6705253720283508,1,TP,TP,False,unchanged,-0.09290331797164919,0.09290331797164919,0,0,0,absent
C:\Users\amit nagar\Projects\oilguard\data\CSIRO\S1SAR_UnBalanced_400by400_Class_0\0\2351_2200_8000_img_F26SBdKLTwBokdkj_GBR_cls_0.jpg,0,0.38700035,0,0.30519846081733704,0,TN,TN,False,unchanged,-0.08180188918266296,0.08180188918266296,0,1,0,boundary
C:\Users\amit nagar\Projects\oilguard\data\CSIRO\S1SAR_UnBalanced_400by400_Class_1\1\0_0_0_img_Onmq7fl2qS1JX3Z6_PHI_cls_1.jpg,1,0.4905723,0,0.484414279460907,0,FN,FN,False,unchanged,-0.006158020539093034,0.006158020539093034,0,0,0,absent
C:\Users\amit nagar\Projects\oilguard\data\CSIRO\S1SAR_UnBalanced_400by400_Class_0\0\0_0_0_img_9c3d5585_MLA_cls_0.jpg,0,0.51293123,1,0.6189565658569336,1,FP,FP,False,unchanged,0.10602533585693363,0.10602533585693363,0,0,0,absent
C:\Users\amit nagar\Projects\oilguard\data\CSIRO\S1SAR_UnBalanced_400by400_Class_0\0\0_0_0_img_sfbiN2pJZZxPDWo0_GBR_cls_0.jpg,0,0.679901,1,0.580714762210846,1,FP,FP,False,unchanged,-0.09918623778915403,0.09918623778915403,0,0,0,absent
C:\Users\amit nagar\Projects\oilguard\data\CSIRO\S1SAR_UnBalanced_400by400_Class_0\0\1_200_0_img_tsE6uPpAPc98bhD7_BAH_cls_0.jpg,0,0.42239061,0,0.3770170509815216,0,TN,TN,False,unchanged,-0.04537355901847839,0.04537355901847839,0,1,0,boundary
C:\Users\amit nagar\Projects\oilguard\data\CSIRO\S1SAR_UnBalanced_400by400_Class_1\1\1_200_0_img_yphVmloUWSA80AHt_PHI_cls_1.jpg,1,0.46763882,0,0.4645063877105713,0,FN,FN,False,unchanged,-0.0031324322894287215,0.0031324322894287215,0,0,1,dark_linear
C:\Users\amit nagar\Projects\oilguard\data\CSIRO\S1SAR_UnBalanced_400by400_Class_1\1\366_9200_3000_img_VxUVPsDdW78vGcpe_SIN_cls_1.jpg,1,0.49861428,0,0.4229697287082672,0,FN,FN,False,unchanged,-0.07564455129173281,0.07564455129173281,0,0,0,absent
C:\Users\amit nagar\Projects\oilguard\data\CSIRO\S1SAR_UnBalanced_400by400_Class_1\1\616_10000_4400_img_JKqsiRqcWbtOOlm0_SIN_cls_1.jpg,1,0.42581856,0,0.43118050694465637,0,FN,FN,False,unchanged,0.0053619469446563595,0.0053619469446563595,0,1,0,boundary
C:\Users\amit nagar\Projects\oilguard\data\CSIRO\S1SAR_UnBalanced_400by400_Class_0\0\903_800_5800_img_F2bwVJMDp6sllfsb_GBR_cls_0.jpg,0,0.24652301,0,0.21691356599330902,0,TN,TN,False,unchanged,-0.029609444006690966,0.029609444006690966,1,1,1,white
C:\Users\amit nagar\Projects\oilguard\data\CSIRO\S1SAR_UnBalanced_400by400_Class_0\0\2_400_0_img_87l9PwLlS37atgbB_JAV_cls_0.jpg,0,0.84876865,1,0.7891238927841187,1,FP,FP,False,unchanged,-0.05964475721588136,0.05964475721588136,0,0,0,absent
C:\Users\amit nagar\Projects\oilguard\data\CSIRO\S1SAR_UnBalanced_400by400_Class_0\0\380_200_3600_img_8jBEUGogFwYiUQV0_GBR_cls_0.jpg,0,0.23494503,0,0.2363804280757904,0,TN,TN,False,unchanged,0.0014353980757904061,0.0014353980757904061,1,0,1,white
C:\Users\amit nagar\Projects\oilguard\data\CSIRO\S1SAR_UnBalanced_400by400_Class_1\1\824_10800_5600_img_ljJD46lFPu8VkRoi_SIN_cls_1.jpg,1,0.45450938,0,0.4551566541194916,0,FN,FN,False,unchanged,0.0006472741194915588,0.0006472741194915588,0,0,0,absent
C:\Users\amit nagar\Projects\oilguard\data\CSIRO\S1SAR_UnBalanced_400by400_Class_0\0\255_6800_2600_img_F32SYf1INcZUWyBY_SIN_cls_0.jpg,0,0.32578319,0,0.24898625910282135,0,TN,TN,False,unchanged,-0.07679693089717865,0.07679693089717865,1,0,0,white
C:\Users\amit nagar\Projects\oilguard\data\CSIRO\S1SAR_UnBalanced_400by400_Class_0\0\1379_6200_5200_img_uDrwlppDBWmkRdTx_SIN_cls_0.jpg,0,0.51210767,1,0.3230598270893097,0,FP,TN,True,FP->TN,-0.18904784291069032,0.18904784291069032,0,0,0,absent
C:\Users\amit nagar\Projects\oilguard\data\CSIRO\S1SAR_UnBalanced_400by400_Class_0\0\119_8600_1000_img_3kf0UgABv7dBxh0F_SIN_cls_0.jpg,0,0.44311151,0,0.4015956521034241,0,TN,TN,False,unchanged,-0.041515857896575914,0.041515857896575914,0,0,0,absent
C:\Users\amit nagar\Projects\oilguard\data\CSIRO\S1SAR_UnBalanced_400by400_Class_0\0\4_0_200_img_1TDZ4mPosbER_VEN_cls_0.jpg,0,0.7363236,1,0.658441424369812,1,FP,FP,False,unchanged,-0.07788217563018796,0.07788217563018796,0,0,0,absent
C:\Users\amit nagar\Projects\oilguard\data\CSIRO\S1SAR_UnBalanced_400by400_Class_1\1\4_0_200_img_dmVExFV4sAKRgD7q_JAV_rotate1438_6000_1000_img_dmVExFV4sAKRgD7q_JAV_cls_1.jpg,1,0.7383284,1,0.662276566028595,1,TP,TP,False,unchanged,-0.07605183397140503,0.07605183397140503,0,0,0,absent
C:\Users\amit nagar\Projects\oilguard\data\CSIRO\S1SAR_UnBalanced_400by400_Class_1\1\4_0_200_img_E2nDfVowZ5D5bsxC_GBR_cls_1.jpg,1,0.79508436,1,0.7141546010971069,1,TP,TP,False,unchanged,-0.08092975890289311,0.08092975890289311,0,0,0,absent
C:\Users\amit nagar\Projects\oilguard\data\CSIRO\S1SAR_UnBalanced_400by400_Class_1\1\357_5800_2200_img_4TSoci1a84bvgIjx_GBR_cls_1.jpg,1,0.27976349,0,0.2292378842830658,0,FN,FN,False,unchanged,-0.05052560571693421,0.05052560571693421,1,0,0,white
C:\Users\amit nagar\Projects\oilguard\data\CSIRO\S1SAR_UnBalanced_400by400_Class_0\0\499_11000_4600_img_WswXVwxc4isivkDd_GBR_cls_0.jpg,0,0.10249866,0,0.05991872400045395,0,TN,TN,False,unchanged,-0.042579935999546056,0.042579935999546056,1,1,0,white
C:\Users\amit nagar\Projects\oilguard\data\CSIRO\S1SAR_UnBalanced_400by400_Class_0\0\758_7400_4400_img_Wyt7n4Be2c3sIGdx_SIN_cls_0.jpg,0,0.52670038,1,0.372408390045166,0,FP,TN,True,FP->TN,-0.15429198995483395,0.15429198995483395,0,1,0,boundary
C:\Users\amit nagar\Projects\oilguard\data\CSIRO\S1SAR_UnBalanced_400by400_Class_0\0\2_400_0_img_ymMchmp0PHqv2VY1_BAH_cls_0.jpg,0,0.25179321,0,0.19346900284290314,0,TN,TN,False,unchanged,-0.05832420715709685,0.05832420715709685,0,0,1,dark_linear
C:\Users\amit nagar\Projects\oilguard\data\CSIRO\S1SAR_UnBalanced_400by400_Class_0\0\1851_3800_9000_img_eKQJ8TJMIV5x2cE5_GBR_cls_0.jpg,0,0.2418748,0,0.2049151062965393,0,TN,TN,False,unchanged,-0.036959693703460694,0.036959693703460694,1,0,0,white
C:\Users\amit nagar\Projects\oilguard\data\CSIRO\S1SAR_UnBalanced_400by400_Class_0\0\1467_9200_7200_img_Cd9GGWWv4b6Hbkeh_GBR_cls_0.jpg,0,0.43538743,0,0.3496091365814209,0,TN,TN,False,unchanged,-0.08577829341857912,0.08577829341857912,0,0,1,dark_linear
C:\Users\amit nagar\Projects\oilguard\data\CSIRO\S1SAR_UnBalanced_400by400_Class_0\0\2_400_0_img_1s5xSTBuBFsYJqxV_JAV_cls_0.jpg,0,0.84755588,1,0.7860835194587708,1,FP,FP,False,unchanged,-0.06147236054122929,0.06147236054122929,0,0,0,absent
C:\Users\amit nagar\Projects\oilguard\data\CSIRO\S1SAR_UnBalanced_400by400_Class_0\0\2119_7800_7600_img_pbjty5f2R0j26K2d_GBR_cls_0.jpg,0,0.4944765,0,0.2933254539966583,0,TN,TN,False,unchanged,-0.20115104600334166,0.20115104600334166,1,1,0,white
C:\Users\amit nagar\Projects\oilguard\data\CSIRO\S1SAR_UnBalanced_400by400_Class_0\0\1718_7600_7000_img_CMVEf33enwoO8uLe_GBR_cls_0.jpg,0,0.39644226,0,0.3260636031627655,0,TN,TN,False,unchanged,-0.07037865683723449,0.07037865683723449,0,1,1,boundary
C:\Users\amit nagar\Projects\oilguard\data\CSIRO\S1SAR_UnBalanced_400by400_Class_1\1\1_200_0_img_ppN4GibVpmVdvJIp_JAP_cls_1.jpg,1,0.47022441,0,0.5637144446372986,1,FN,TP,True,FN->TP,0.0934900346372986,0.0934900346372986,0,1,1,boundary
C:\Users\amit nagar\Projects\oilguard\data\CSIRO\S1SAR_UnBalanced_400by400_Class_0\0\2276_8600_9000_img_ElAXzZykAQQbzQfB_GBR_cls_0.jpg,0,0.65159774,1,0.5071492791175842,1,FP,FP,False,unchanged,-0.1444484608824158,0.1444484608824158,0,0,0,absent
C:\Users\amit nagar\Projects\oilguard\data\CSIRO\S1SAR_UnBalanced_400by400_Class_0\0\1585_3000_5800_img_unYnd033rCdCFKjB_GBR_cls_0.jpg,0,0.03807791,0,0.018581684678792953,0,TN,TN,False,unchanged,-0.019496225321207046,0.019496225321207046,1,1,0,white
C:\Users\amit nagar\Projects\oilguard\data\CSIRO\S1SAR_UnBalanced_400by400_Class_0\0\932_2000_3800_img_FxPf5HcuSGCh0MVV_SIN_cls_0.jpg,0,0.44780537,0,0.4392596483230591,0,TN,TN,False,unchanged,-0.008545721676940898,0.008545721676940898,0,0,0,absent
C:\Users\amit nagar\Projects\oilguard\data\CSIRO\S1SAR_UnBalanced_400by400_Class_0\0\87_4400_1000_img_hjX2Sy2musA2QNUx_GBR_cls_0.jpg,0,0.22846322,0,0.19662967324256897,0,TN,TN,False,unchanged,-0.031833546757431025,0.031833546757431025,0,0,1,dark_linear
C:\Users\amit nagar\Projects\oilguard\data\CSIRO\S1SAR_UnBalanced_400by400_Class_0\0\0_0_0_img_8bNN0415RurBV1Z5_BOR_cls_0.jpg,0,0.25280577,0,0.24753211438655853,0,TN,TN,False,unchanged,-0.0052736556134414525,0.0052736556134414525,0,0,1,dark_linear
C:\Users\amit nagar\Projects\oilguard\data\CSIRO\S1SAR_UnBalanced_400by400_Class_1\1\0_0_0_img_ftbXP12Y2HYqHUf7_JAV_cls_1.jpg,1,0.84118038,1,0.7911826968193054,1,TP,TP,False,unchanged,-0.04999768318069453,0.04999768318069453,0,0,0,absent
C:\Users\amit nagar\Projects\oilguard\data\CSIRO\S1SAR_UnBalanced_400by400_Class_0\0\0_0_0_img_7tKwVjlkcFT2qU4G_GBR_cls_0.jpg,0,0.75059474,1,0.6558963060379028,1,FP,FP,False,unchanged,-0.0946984339620972,0.0946984339620972,0,0,0,absent
C:\Users\amit nagar\Projects\oilguard\data\CSIRO\S1SAR_UnBalanced_400by400_Class_0\0\2006_4800_7000_img_qnYbmabfDVZuzM8M_GBR_cls_0.jpg,0,0.45768905,0,0.2933639883995056,0,TN,TN,False,unchanged,-0.16432506160049437,0.16432506160049437,0,1,0,boundary
C:\Users\amit nagar\Projects\oilguard\data\CSIRO\S1SAR_UnBalanced_400by400_Class_1\1\2_400_0_img_1LbWvpOeKzLizkah_GBR_cls_1.jpg,1,0.83704168,1,0.7843148112297058,1,TP,TP,False,unchanged,-0.0527268687702942,0.0527268687702942,0,0,0,absent
C:\Users\amit nagar\Projects\oilguard\data\CSIRO\S1SAR_UnBalanced_400by400_Class_0\0\1593_14800_5200_img_BxQpHxn9LnM5N9IM_GIB_cls_0.jpg,0,0.45705268,0,0.46061116456985474,0,TN,TN,False,unchanged,0.0035584845698547474,0.0035584845698547474,0,0,0,absent
C:\Users\amit nagar\Projects\oilguard\data\CSIRO\S1SAR_UnBalanced_400by400_Class_1\1\1195_11000_5200_img_y3mbwYxNtIGr8RMz_GBR_cls_1.jpg,1,0.32494712,0,0.2608063817024231,0,FN,FN,False,unchanged,-0.06414073829757688,0.06414073829757688,1,1,0,white
C:\Users\amit nagar\Projects\oilguard\data\CSIRO\S1SAR_UnBalanced_400by400_Class_0\0\759_8600_3600_img_8vp3f9nW2jVDKmR1_GBR_cls_0.jpg,0,0.27014625,0,0.22416731715202332,0,TN,TN,False,unchanged,-0.04597893284797666,0.04597893284797666,1,0,0,white
C:\Users\amit nagar\Projects\oilguard\data\CSIRO\S1SAR_UnBalanced_400by400_Class_0\0\1442_12200_7000_img_cvtZbxmN7UqS2GZS_GBR_cls_0.jpg,0,0.46335742,0,0.4572676420211792,0,TN,TN,False,unchanged,-0.006089777978820821,0.006089777978820821,0,0,0,absent
C:\Users\amit nagar\Projects\oilguard\data\CSIRO\S1SAR_UnBalanced_400by400_Class_0\0\1050_8000_5600_img_fVQdn0DY0I0LL4Qb_GBR_cls_0.jpg,0,0.10551228,0,0.06411997973918915,0,TN,TN,False,unchanged,-0.04139230026081085,0.04139230026081085,1,0,0,white
C:\Users\amit nagar\Projects\oilguard\data\CSIRO\S1SAR_UnBalanced_400by400_Class_0\0\1_200_0_img_qnC64FKYfOU77zpF_GBR_cls_0.jpg,0,0.84626621,1,0.7851924300193787,1,FP,FP,False,unchanged,-0.06107377998062136,0.06107377998062136,0,0,0,absent
C:\Users\amit nagar\Projects\oilguard\data\CSIRO\S1SAR_UnBalanced_400by400_Class_0\0\1583_2200_8200_img_ezbJiVPUoerLCRsg_GBR_cls_0.jpg,0,0.19131933,0,0.14985787868499756,0,TN,TN,False,unchanged,-0.04146145131500245,0.04146145131500245,1,0,0,white
C:\Users\amit nagar\Projects\oilguard\data\CSIRO\S1SAR_UnBalanced_400by400_Class_1\1\4_0_200_img_bPFJFrPOIuFW0c1Q_JAV_cls_1.jpg,1,0.80949396,1,0.7988002300262451,1,TP,TP,False,unchanged,-0.01069372997375484,0.01069372997375484,0,0,0,absent
C:\Users\amit nagar\Projects\oilguard\data\CSIRO\S1SAR_UnBalanced_400by400_Class_0\0\2_400_0_img_OSnFZtSWXq8ZPBbz_EGY_cls_0.jpg,0,0.51305795,1,0.5549423098564148,1,FP,FP,False,unchanged,0.04188435985641481,0.04188435985641481,0,1,0,boundary
C:\Users\amit nagar\Projects\oilguard\data\CSIRO\S1SAR_UnBalanced_400by400_Class_0\0\1_200_0_img_5kPtgTDfaBqbQJtE_ADR_cls_0.jpg,0,0.12420704,0,0.08042839914560318,0,TN,TN,False,unchanged,-0.043778640854396825,0.043778640854396825,1,0,0,white
C:\Users\amit nagar\Projects\oilguard\data\CSIRO\S1SAR_UnBalanced_400by400_Class_0\0\0_0_0_img_40VZZGJ0RJRm7hM9_BAH_cls_0.jpg,0,0.41797078,0,0.3133530020713806,0,TN,TN,False,unchanged,-0.10461777792861937,0.10461777792861937,0,1,0,boundary
C:\Users\amit nagar\Projects\oilguard\data\CSIRO\S1SAR_UnBalanced_400by400_Class_0\0\0_0_0_img_53QuDvSIU1JXAhko_GBR_cls_0.jpg,0,0.70369697,1,0.7138826251029968,1,FP,FP,False,unchanged,0.010185655102996849,0.010185655102996849,0,0,0,absent
C:\Users\amit nagar\Projects\oilguard\data\CSIRO\S1SAR_UnBalanced_400by400_Class_1\1\6_400_200_img_Ejwsi6B5ucU0198q_JAV_cls_1.jpg,1,0.81428534,1,0.7412378191947937,1,TP,TP,False,unchanged,-0.07304752080520627,0.07304752080520627,0,0,0,absent
C:\Users\amit nagar\Projects\oilguard\data\CSIRO\S1SAR_UnBalanced_400by400_Class_1\1\0_0_0_img_NIQD4cYPEnZoZOFb_JAV_cls_1.jpg,1,0.67274475,1,0.7555074691772461,1,TP,TP,False,unchanged,0.08276271917724609,0.08276271917724609,0,0,0,absent
C:\Users\amit nagar\Projects\oilguard\data\CSIRO\S1SAR_UnBalanced_400by400_Class_0\0\533_8800_6800_img_4tORuzQ2gfhmJl3e_GBR_cls_0.jpg,0,0.37345815,0,0.31778451800346375,0,TN,TN,False,unchanged,-0.055673631996536244,0.055673631996536244,1,0,0,white
C:\Users\amit nagar\Projects\oilguard\data\CSIRO\S1SAR_UnBalanced_400by400_Class_1\1\11_600_400_img_c9kprQ9tqo6kLVYS_ISR_cls_1.jpg,1,0.81622356,1,0.7357912659645081,1,TP,TP,False,unchanged,-0.0804322940354919,0.0804322940354919,0,0,0,absent
C:\Users\amit nagar\Projects\oilguard\data\CSIRO\S1SAR_UnBalanced_400by400_Class_1\1\10_400_400_img_xrkfAP89obvqSjk7_GBR_cls_1.jpg,1,0.81847966,1,0.7499243021011353,1,TP,TP,False,unchanged,-0.0685553578988648,0.0685553578988648,0,0,0,absent
C:\Users\amit nagar\Projects\oilguard\data\CSIRO\S1SAR_UnBalanced_400by400_Class_0\0\1415_3200_7600_img_tQTrHpS7e7fNXXmH_GBR_cls_0.jpg,0,0.31887642,0,0.29503655433654785,0,TN,TN,False,unchanged,-0.023839865663452142,0.023839865663452142,1,0,0,white
C:\Users\amit nagar\Projects\oilguard\data\CSIRO\S1SAR_UnBalanced_400by400_Class_0\0\1321_9800_4600_img_smgxHaDvsFoYsOml_GIB_cls_0.jpg,0,0.46209082,0,0.4600309729576111,0,TN,TN,False,unchanged,-0.0020598470423889292,0.0020598470423889292,0,0,0,absent
C:\Users\amit nagar\Projects\oilguard\data\CSIRO\S1SAR_UnBalanced_400by400_Class_1\1\6_400_200_img_yt53uEU8OxKgc1mE_JAV_cls_1.jpg,1,0.69512981,1,0.7501000761985779,1,TP,TP,False,unchanged,0.05497026619857792,0.05497026619857792,0,0,0,absent
C:\Users\amit nagar\Projects\oilguard\data\CSIRO\S1SAR_UnBalanced_400by400_Class_0\0\648_15200_4200_img_VeJu6fOdJfgqVf5f_GBR_cls_0.jpg,0,0.43890142,0,0.43644118309020996,0,TN,TN,False,unchanged,-0.0024602369097900256,0.0024602369097900256,0,0,0,absent
C:\Users\amit nagar\Projects\oilguard\data\CSIRO\S1SAR_UnBalanced_400by400_Class_0\0\783_8600_4000_img_lEJHwBKgP0635onz_GBR_cls_0.jpg,0,0.23158596,0,0.20540691912174225,0,TN,TN,False,unchanged,-0.02617904087825776,0.02617904087825776,0,0,1,dark_linear
C:\Users\amit nagar\Projects\oilguard\data\CSIRO\S1SAR_UnBalanced_400by400_Class_0\0\2406_5600_9000_img_YBHRUvOQDPWpIP2R_SIN_cls_0.jpg,0,0.43786928,0,0.41892728209495544,0,TN,TN,False,unchanged,-0.018941997905044583,0.018941997905044583,0,0,0,absent
C:\Users\amit nagar\Projects\oilguard\data\CSIRO\S1SAR_UnBalanced_400by400_Class_1\1\1063_5400_4200_img_JmoRQKaCIzRHRbpZ_SIN_cls_1.jpg,1,0.4820486,0,0.47903674840927124,0,FN,FN,False,unchanged,-0.0030118515907287535,0.0030118515907287535,0,1,0,boundary
C:\Users\amit nagar\Projects\oilguard\data\CSIRO\S1SAR_UnBalanced_400by400_Class_0\0\129_7400_4800_img_LLHQC0vOGIzLENlN_GBR_cls_0.jpg,0,0.50623637,1,0.37976399064064026,0,FP,TN,True,FP->TN,-0.12647237935935973,0.12647237935935973,0,1,0,boundary
C:\Users\amit nagar\Projects\oilguard\data\CSIRO\S1SAR_UnBalanced_400by400_Class_1\1\3_600_0_img_eyaA2NnEv27VV301_JAV_cls_1.jpg,1,0.81755501,1,0.7991796731948853,1,TP,TP,False,unchanged,-0.018375336805114717,0.018375336805114717,0,0,0,absent
C:\Users\amit nagar\Projects\oilguard\data\CSIRO\S1SAR_UnBalanced_400by400_Class_0\0\1959_8400_9400_img_XmMkb4UkdW6FkiLH_GBR_cls_0.jpg,0,0.426009,0,0.3682776689529419,0,TN,TN,False,unchanged,-0.05773133104705813,0.05773133104705813,0,0,0,absent
C:\Users\amit nagar\Projects\oilguard\data\CSIRO\S1SAR_UnBalanced_400by400_Class_1\1\0_0_0_img_MSB0wqoY8PVXx6y4_NOR_cls_1.jpg,1,0.41038519,0,0.5363703370094299,1,FN,TP,True,FN->TP,0.12598514700942992,0.12598514700942992,0,0,0,absent
C:\Users\amit nagar\Projects\oilguard\data\CSIRO\S1SAR_UnBalanced_400by400_Class_0\0\1166_3400_7200_img_fL3tPkBSVTntlvnc_SIN_cls_0.jpg,0,0.11518428,0,0.07333448529243469,0,TN,TN,False,unchanged,-0.04184979470756531,0.04184979470756531,1,0,0,white
C:\Users\amit nagar\Projects\oilguard\data\CSIRO\S1SAR_UnBalanced_400by400_Class_1\1\590_12600_3800_img_Tenw7wDxAJfeMuhr_GBR_cls_1.jpg,1,0.55320597,1,0.44668838381767273,0,TP,FN,True,TP->FN,-0.10651758618232732,0.10651758618232732,0,0,0,absent
C:\Users\amit nagar\Projects\oilguard\data\CSIRO\S1SAR_UnBalanced_400by400_Class_0\0\2066_9400_7400_img_G6jMpsZCY2XrE1lx_GBR_cls_0.jpg,0,0.34733436,0,0.3077540695667267,0,TN,TN,False,unchanged,-0.039580290433273324,0.039580290433273324,1,0,0,white
C:\Users\amit nagar\Projects\oilguard\data\CSIRO\S1SAR_UnBalanced_400by400_Class_0\0\728_12000_3600_img_HHFjMzcDSbVnnHiz_GBR_cls_0.jpg,0,0.38227183,0,0.3494694232940674,0,TN,TN,False,unchanged,-0.032802406705932596,0.032802406705932596,0,1,0,boundary
C:\Users\amit nagar\Projects\oilguard\data\CSIRO\S1SAR_UnBalanced_400by400_Class_1\1\1_200_0_img_bPFJFrPOIuFW0c1Q_JAV_cls_1.jpg,1,0.81656706,1,0.7971702814102173,1,TP,TP,False,unchanged,-0.019396778589782726,0.019396778589782726,0,0,0,absent
C:\Users\amit nagar\Projects\oilguard\data\CSIRO\S1SAR_UnBalanced_400by400_Class_1\1\0_0_0_img_srvQnMCuTCr8ScwO_JAV_cls_1.jpg,1,0.82062697,1,0.7991853356361389,1,TP,TP,False,unchanged,-0.02144163436386104,0.02144163436386104,0,0,0,absent
C:\Users\amit nagar\Projects\oilguard\data\CSIRO\S1SAR_UnBalanced_400by400_Class_0\0\1791_2200_9000_img_L2Ibq7E8F2pYLeBV_GBR_cls_0.jpg,0,0.38037047,0,0.34075281023979187,0,TN,TN,False,unchanged,-0.039617659760208146,0.039617659760208146,0,0,0,absent
C:\Users\amit nagar\Projects\oilguard\data\CSIRO\S1SAR_UnBalanced_400by400_Class_1\1\724_11600_5000_img_IrGiXceM2BPkmKLt_SIN_cls_1.jpg,1,0.32068291,0,0.29529666900634766,0,FN,FN,False,unchanged,-0.02538624099365233,0.02538624099365233,0,0,0,absent
C:\Users\amit nagar\Projects\oilguard\data\CSIRO\S1SAR_UnBalanced_400by400_Class_1\1\2_400_0_img_6oa0XqFkF3fKMpdr_JAV_cls_1.jpg,1,0.83990175,1,0.8049140572547913,1,TP,TP,False,unchanged,-0.03498769274520874,0.03498769274520874,0,0,0,absent
C:\Users\amit nagar\Projects\oilguard\data\CSIRO\S1SAR_UnBalanced_400by400_Class_0\0\1768_4600_7000_img_95UIg7byqN0UbtB3_GBR_cls_0.jpg,0,0.11886857,0,0.08199502527713776,0,TN,TN,False,unchanged,-0.03687354472286225,0.03687354472286225,1,0,0,white
C:\Users\amit nagar\Projects\oilguard\data\CSIRO\S1SAR_UnBalanced_400by400_Class_0\0\1513_8600_5800_img_dFZXJcgTj7ABUjqw_SIN_cls_0.jpg,0,0.49501732,0,0.4836745858192444,0,TN,TN,False,unchanged,-0.011342734180755598,0.011342734180755598,0,0,0,absent
C:\Users\amit nagar\Projects\oilguard\data\CSIRO\S1SAR_UnBalanced_400by400_Class_0\0\0_0_0_img_0EVoS7GsB3g8BDRK_GBR_cls_0.jpg,0,0.82677311,1,0.7529569268226624,1,FP,FP,False,unchanged,-0.07381618317733762,0.07381618317733762,0,0,0,absent
C:\Users\amit nagar\Projects\oilguard\data\CSIRO\S1SAR_UnBalanced_400by400_Class_0\0\1756_11200_8200_img_WaQB0aCexqmkpvjN_GBR_cls_0.jpg,0,0.41277692,0,0.4042196273803711,0,TN,TN,False,unchanged,-0.008557292619628898,0.008557292619628898,0,1,0,boundary
C:\Users\amit nagar\Projects\oilguard\data\CSIRO\S1SAR_UnBalanced_400by400_Class_1\1\5_200_200_img_moSaCccYIeBzd5Tc_JAV_cls_1.jpg,1,0.77009225,1,0.6744450926780701,1,TP,TP,False,unchanged,-0.09564715732192997,0.09564715732192997,0,0,0,absent
C:\Users\amit nagar\Projects\oilguard\data\CSIRO\S1SAR_UnBalanced_400by400_Class_0\0\1441_9600_6000_img_lLGE3rvi2jEds8bJ_GBR_cls_0.jpg,0,0.60982686,1,0.4605400562286377,0,FP,TN,True,FP->TN,-0.14928680377136228,0.14928680377136228,0,0,0,absent
C:\Users\amit nagar\Projects\oilguard\data\CSIRO\S1SAR_UnBalanced_400by400_Class_0\0\1_200_0_img_2fUon5M0bv9juQbA_JAV_cls_0.jpg,0,0.78328377,1,0.6977719664573669,1,FP,FP,False,unchanged,-0.0855118035426331,0.0855118035426331,0,0,0,absent
C:\Users\amit nagar\Projects\oilguard\data\CSIRO\S1SAR_UnBalanced_400by400_Class_0\0\1050_5200_4000_img_rdx7MPJNYylDwe6e_GIB_cls_0.jpg,0,0.68606764,1,0.5265880227088928,1,FP,FP,False,unchanged,-0.15947961729110716,0.15947961729110716,0,0,0,absent
C:\Users\amit nagar\Projects\oilguard\data\CSIRO\S1SAR_UnBalanced_400by400_Class_0\0\1097_8200_5400_img_V7FKC1ecgBe5fRmV_GBR_cls_0.jpg,0,0.13250552,0,0.10241801291704178,0,TN,TN,False,unchanged,-0.03008750708295821,0.03008750708295821,0,1,0,boundary
C:\Users\amit nagar\Projects\oilguard\data\CSIRO\S1SAR_UnBalanced_400by400_Class_1\1\943_10800_6200_img_PcOec6vW0yWl3PSt_SIN_cls_1.jpg,1,0.43055367,0,0.41945594549179077,0,FN,FN,False,unchanged,-0.011097724508209228,0.011097724508209228,0,0,0,absent
C:\Users\amit nagar\Projects\oilguard\data\CSIRO\S1SAR_UnBalanced_400by400_Class_0\0\194_15800_3600_img_gbHmRB8LFzgKyWVn_GBR_cls_0.jpg,0,0.22956584,0,0.1861339956521988,0,TN,TN,False,unchanged,-0.0434318443478012,0.0434318443478012,1,0,0,white
C:\Users\amit nagar\Projects\oilguard\data\CSIRO\S1SAR_UnBalanced_400by400_Class_0\0\0_0_0_img_2fUon5M0bv9juQbA_JAV_cls_0.jpg,0,0.77487648,1,0.6834501028060913,1,FP,FP,False,unchanged,-0.09142637719390867,0.09142637719390867,0,0,0,absent
C:\Users\amit nagar\Projects\oilguard\data\CSIRO\S1SAR_UnBalanced_400by400_Class_1\1\2306_6800_8600_img_NN1CwoMKj8YGyePb_SIN_cls_1.jpg,1,0.4721466,0,0.46121925115585327,0,FN,FN,False,unchanged,-0.010927348844146756,0.010927348844146756,0,1,0,boundary
C:\Users\amit nagar\Projects\oilguard\data\CSIRO\S1SAR_UnBalanced_400by400_Class_1\1\0_0_0_img_CMeS5mtBIIVNFdOM_JAV_cls_1.jpg,1,0.8064183,1,0.7981706857681274,1,TP,TP,False,unchanged,-0.008247614231872591,0.008247614231872591,0,0,0,absent
C:\Users\amit nagar\Projects\oilguard\data\CSIRO\S1SAR_UnBalanced_400by400_Class_0\0\0_0_0_img_aoPfgRREeDLwN5Yp_BOR_cls_0.jpg,0,0.35371813,0,0.36644402146339417,0,TN,TN,False,unchanged,0.012725891463394146,0.012725891463394146,0,0,0,absent
C:\Users\amit nagar\Projects\oilguard\data\CSIRO\S1SAR_UnBalanced_400by400_Class_1\1\312_5800_2000_img_SAllY6apuSIsTIAY_GBR_cls_1.jpg,1,0.30217344,0,0.2588889002799988,0,FN,FN,False,unchanged,-0.043284539720001236,0.043284539720001236,1,0,0,white
C:\Users\amit nagar\Projects\oilguard\data\CSIRO\S1SAR_UnBalanced_400by400_Class_0\0\11_600_400_img_eh2P7shyHrCuw9gj_GBR_cls_0.jpg,0,0.56096697,1,0.46717122197151184,0,FP,TN,True,FP->TN,-0.09379574802848811,0.09379574802848811,0,0,0,absent
C:\Users\amit nagar\Projects\oilguard\data\CSIRO\S1SAR_UnBalanced_400by400_Class_1\1\2793_11000_9600_img_A1WuPtwYUpG3Mjp2_SIN_cls_1.jpg,1,0.31665245,0,0.29365700483322144,0,FN,FN,False,unchanged,-0.02299544516677854,0.02299544516677854,1,1,0,white
C:\Users\amit nagar\Projects\oilguard\data\CSIRO\S1SAR_UnBalanced_400by400_Class_0\0\1998_7600_8800_img_qcXmQlXFb6LlnFXp_GBR_cls_0.jpg,0,0.52176857,1,0.3640075922012329,0,FP,TN,True,FP->TN,-0.15776097779876708,0.15776097779876708,0,0,0,absent
C:\Users\amit nagar\Projects\oilguard\data\CSIRO\S1SAR_UnBalanced_400by400_Class_1\1\416_4600_2200_img_SXHHeuXjxDWZ0YGC_SIN_cls_1.jpg,1,0.42140046,0,0.40785911679267883,0,FN,FN,False,unchanged,-0.013541343207321144,0.013541343207321144,0,0,1,dark_linear
C:\Users\amit nagar\Projects\oilguard\data\CSIRO\S1SAR_UnBalanced_400by400_Class_0\0\1390_8800_6800_img_MhfXV1OPjoFek6WX_GBR_cls_0.jpg,0,0.21036215,0,0.15269702672958374,0,TN,TN,False,unchanged,-0.05766512327041626,0.05766512327041626,1,0,1,white
C:\Users\amit nagar\Projects\oilguard\data\CSIRO\S1SAR_UnBalanced_400by400_Class_0\0\559_10200_3200_img_bo7zcUFSMV1upUpt_GBR_cls_0.jpg,0,0.23455009,0,0.1722342073917389,0,TN,TN,False,unchanged,-0.0623158826082611,0.0623158826082611,1,0,1,white
C:\Users\amit nagar\Projects\oilguard\data\CSIRO\S1SAR_UnBalanced_400by400_Class_1\1\577_10800_2600_img_s0sKvbar6W6S4tTR_SIN_cls_1.jpg,1,0.35441527,0,0.3530671000480652,0,FN,FN,False,unchanged,-0.001348169951934819,0.001348169951934819,1,0,0,white
C:\Users\amit nagar\Projects\oilguard\data\CSIRO\S1SAR_UnBalanced_400by400_Class_0\0\1040_2600_4800_img_5n6Q5GEeav9VHf4S_GBR_cls_0.jpg,0,0.32804024,0,0.28777045011520386,0,TN,TN,False,unchanged,-0.040269789884796126,0.040269789884796126,0,0,1,dark_linear
C:\Users\amit nagar\Projects\oilguard\data\CSIRO\S1SAR_UnBalanced_400by400_Class_0\0\1788_8600_10000_img_ZwGbqpKRRuoSWiFq_GBR_cls_0.jpg,0,0.41664189,0,0.3216312527656555,0,TN,TN,False,unchanged,-0.0950106372343445,0.0950106372343445,1,1,0,white
C:\Users\amit nagar\Projects\oilguard\data\CSIRO\S1SAR_UnBalanced_400by400_Class_0\0\1201_1400_4600_img_OWPbtIlLpNlPrDyP_SIN_cls_0.jpg,0,0.39914238,0,0.3864886164665222,0,TN,TN,False,unchanged,-0.012653763533477802,0.012653763533477802,0,0,0,absent
C:\Users\amit nagar\Projects\oilguard\data\CSIRO\S1SAR_UnBalanced_400by400_Class_0\0\1822_5800_7400_img_ffzHSCnJDfwULd9c_GBR_cls_0.jpg,0,0.2759029,0,0.23715782165527344,0,TN,TN,False,unchanged,-0.03874507834472657,0.03874507834472657,0,0,0,absent
C:\Users\amit nagar\Projects\oilguard\data\CSIRO\S1SAR_UnBalanced_400by400_Class_0\0\264_12600_2400_img_ygADRgmelU01rSan_GBR_cls_0.jpg,0,0.3204937,0,0.24194703996181488,0,TN,TN,False,unchanged,-0.07854666003818511,0.07854666003818511,1,1,1,white
C:\Users\amit nagar\Projects\oilguard\data\CSIRO\S1SAR_UnBalanced_400by400_Class_0\0\0_0_0_img_bwYUo8R4JaXz6iBb_GBR_cls_0.jpg,0,0.80431736,1,0.7220391631126404,1,FP,FP,False,unchanged,-0.0822781968873596,0.0822781968873596,0,0,0,absent
C:\Users\amit nagar\Projects\oilguard\data\CSIRO\S1SAR_UnBalanced_400by400_Class_0\0\0_0_0_img_PgcB4K9kp95qA9fi_BOR_cls_0.jpg,0,0.33845979,0,0.2634420394897461,0,TN,TN,False,unchanged,-0.07501775051025389,0.07501775051025389,0,0,1,dark_linear
C:\Users\amit nagar\Projects\oilguard\data\CSIRO\S1SAR_UnBalanced_400by400_Class_1\1\10_400_400_img_qzfk7gRruykhCIq1_JAV_cls_1.jpg,1,0.81485295,1,0.792870283126831,1,TP,TP,False,unchanged,-0.021982666873168966,0.021982666873168966,0,0,0,absent
C:\Users\amit nagar\Projects\oilguard\data\CSIRO\S1SAR_UnBalanced_400by400_Class_1\1\1598_12800_5800_img_dJuQyiMrXOXTptni_SIN_cls_1.jpg,1,0.30968675,0,0.2639945447444916,0,FN,FN,False,unchanged,-0.045692205255508433,0.045692205255508433,0,0,1,dark_linear
C:\Users\amit nagar\Projects\oilguard\data\CSIRO\S1SAR_UnBalanced_400by400_Class_1\1\0_0_0_img_y4zzF93MApfZ7Nz5_ADR_cls_1.jpg,1,0.4735629,0,0.46016553044319153,0,FN,FN,False,unchanged,-0.01339736955680848,0.01339736955680848,0,0,0,absent
C:\Users\amit nagar\Projects\oilguard\data\CSIRO\S1SAR_UnBalanced_400by400_Class_0\0\1738_12000_9000_img_Jo1UCrxwJUSGGxSf_GBR_cls_0.jpg,0,0.26253381,0,0.2857268154621124,0,TN,TN,False,unchanged,0.023193005462112448,0.023193005462112448,0,0,0,absent
C:\Users\amit nagar\Projects\oilguard\data\CSIRO\S1SAR_UnBalanced_400by400_Class_1\1\2_400_0_img_RYyVktSw3mciYrjj_PHI_cls_1.jpg,1,0.6697979,1,0.5657848715782166,1,TP,TP,False,unchanged,-0.1040130284217834,0.1040130284217834,0,0,0,absent
C:\Users\amit nagar\Projects\oilguard\data\CSIRO\S1SAR_UnBalanced_400by400_Class_0\0\1970_6800_7400_img_zyzO4XE2bvxFmaVL_SIN_cls_0.jpg,0,0.49484351,0,0.48970016837120056,0,TN,TN,False,unchanged,-0.005143341628799425,0.005143341628799425,0,0,0,absent
C:\Users\amit nagar\Projects\oilguard\data\CSIRO\S1SAR_UnBalanced_400by400_Class_1\1\4_0_200_img_se04gm9BgjQS2yBY_JAV_cls_1.jpg,1,0.84367204,1,0.801270604133606,1,TP,TP,False,unchanged,-0.042401435866394,0.042401435866394,0,0,0,absent
C:\Users\amit nagar\Projects\oilguard\data\CSIRO\S1SAR_UnBalanced_400by400_Class_1\1\4_0_200_img_6bE3HzPnwL7R9KAQ_BAH_cls_1.jpg,1,0.52927804,1,0.44059544801712036,0,TP,FN,True,TP->FN,-0.08868259198287964,0.08868259198287964,0,0,1,dark_linear
C:\Users\amit nagar\Projects\oilguard\data\CSIRO\S1SAR_UnBalanced_400by400_Class_0\0\440_11000_4200_img_TyuxwblW2gVqnzuN_GBR_cls_0.jpg,0,0.11045393,0,0.0695769265294075,0,TN,TN,False,unchanged,-0.040877003470592504,0.040877003470592504,1,0,0,white
C:\Users\amit nagar\Projects\oilguard\data\CSIRO\S1SAR_UnBalanced_400by400_Class_0\0\411_11200_2200_img_bGIOGXwT74oRimjs_GBR_cls_0.jpg,0,0.47809058,0,0.47579002380371094,0,TN,TN,False,unchanged,-0.0023005561962890497,0.0023005561962890497,0,0,0,absent
C:\Users\amit nagar\Projects\oilguard\data\CSIRO\S1SAR_UnBalanced_400by400_Class_0\0\1018_15400_3800_img_Zzq79ukQ04E3bKGF_GIB_cls_0.jpg,0,0.3521297,0,0.3197268545627594,0,TN,TN,False,unchanged,-0.03240284543724059,0.03240284543724059,0,0,0,absent
C:\Users\amit nagar\Projects\oilguard\data\CSIRO\S1SAR_UnBalanced_400by400_Class_0\0\1433_7600_6000_img_5nFudCzXWWfFv2Sn_GBR_cls_0.jpg,0,0.43951926,0,0.3209558129310608,0,TN,TN,False,unchanged,-0.11856344706893923,0.11856344706893923,0,0,0,absent
C:\Users\amit nagar\Projects\oilguard\data\CSIRO\S1SAR_UnBalanced_400by400_Class_0\0\241_6400_1600_img_0WRomKe33pEcUrHP_GBR_cls_0.jpg,0,0.43614787,0,0.3973863422870636,0,TN,TN,False,unchanged,-0.038761527712936394,0.038761527712936394,0,0,0,absent
C:\Users\amit nagar\Projects\oilguard\data\CSIRO\S1SAR_UnBalanced_400by400_Class_0\0\500_9600_3000_img_Hqyt7ix8mbeO4L4Z_GBR_cls_0.jpg,0,0.0788679,0,0.04568467289209366,0,TN,TN,False,unchanged,-0.033183227107906346,0.033183227107906346,1,1,0,white
C:\Users\amit nagar\Projects\oilguard\data\CSIRO\S1SAR_UnBalanced_400by400_Class_0\0\2724_5200_9000_img_Pg2ghJ6QF1dOf4gU_GBR_cls_0.jpg,0,0.29236642,0,0.20042189955711365,0,TN,TN,False,unchanged,-0.09194452044288637,0.09194452044288637,0,1,0,boundary
C:\Users\amit nagar\Projects\oilguard\data\CSIRO\S1SAR_UnBalanced_400by400_Class_0\0\9_200_400_img_hb8T4hclPmvAUL7s_GBR_cls_0.jpg,0,0.82464671,1,0.7492204904556274,1,FP,FP,False,unchanged,-0.07542621954437256,0.07542621954437256,0,0,0,absent
C:\Users\amit nagar\Projects\oilguard\data\CSIRO\S1SAR_UnBalanced_400by400_Class_0\0\1807_10000_9000_img_MDTSvjVoneSBClbM_GBR_cls_0.jpg,0,0.40925366,0,0.3335176110267639,0,TN,TN,False,unchanged,-0.0757360489732361,0.0757360489732361,0,0,0,absent
C:\Users\amit nagar\Projects\oilguard\data\CSIRO\S1SAR_UnBalanced_400by400_Class_1\1\1125_5200_4400_img_Chj5xE7nS8sbX16A_SIN_cls_1.jpg,1,0.4330112,0,0.43935415148735046,0,FN,FN,False,unchanged,0.006342951487350479,0.006342951487350479,0,1,0,boundary
C:\Users\amit nagar\Projects\oilguard\data\CSIRO\S1SAR_UnBalanced_400by400_Class_1\1\2691_6600_9200_img_XwjSPxul833AijFJ_SIN_cls_1.jpg,1,0.49930373,0,0.3905690610408783,0,FN,FN,False,unchanged,-0.1087346689591217,0.1087346689591217,0,0,0,absent
C:\Users\amit nagar\Projects\oilguard\data\CSIRO\S1SAR_UnBalanced_400by400_Class_0\0\2279_800_8000_img_1xZW83HJ1jJhzC8h_GBR_cls_0.jpg,0,0.32034773,0,0.21689777076244354,0,TN,TN,False,unchanged,-0.10344995923755645,0.10344995923755645,0,1,1,boundary
C:\Users\amit nagar\Projects\oilguard\data\CSIRO\S1SAR_UnBalanced_400by400_Class_0\0\2386_12600_8000_img_BXzA6kOP9LEGbuyJ_SIN_cls_0.jpg,0,0.05522442,0,0.032275162637233734,0,TN,TN,False,unchanged,-0.02294925736276627,0.02294925736276627,1,1,0,white
C:\Users\amit nagar\Projects\oilguard\data\CSIRO\S1SAR_UnBalanced_400by400_Class_0\0\2110_8200_9400_img_ulRAozYSajR2INTL_GBR_cls_0.jpg,0,0.12884162,0,0.08021960407495499,0,TN,TN,False,unchanged,-0.048622015925045003,0.048622015925045003,1,0,0,white
C:\Users\amit nagar\Projects\oilguard\data\CSIRO\S1SAR_UnBalanced_400by400_Class_0\0\2035_5000_7400_img_wnjnvBaYQwVksQ2L_GBR_cls_0.jpg,0,0.26172692,0,0.20186984539031982,0,TN,TN,False,unchanged,-0.05985707460968015,0.05985707460968015,1,0,0,white
C:\Users\amit nagar\Projects\oilguard\data\CSIRO\S1SAR_UnBalanced_400by400_Class_0\0\2278_4200_7800_img_WxepEVZH26XJr1lS_SIN_cls_0.jpg,0,0.35615182,0,0.31785690784454346,0,TN,TN,False,unchanged,-0.03829491215545655,0.03829491215545655,1,0,0,white
C:\Users\amit nagar\Projects\oilguard\data\CSIRO\S1SAR_UnBalanced_400by400_Class_1\1\3_600_0_img_UyIhM78AXFRO3CiB_PHI_cls_1.jpg,1,0.62408864,1,0.5093602538108826,1,TP,TP,False,unchanged,-0.1147283861891174,0.1147283861891174,0,0,1,dark_linear
C:\Users\amit nagar\Projects\oilguard\data\CSIRO\S1SAR_UnBalanced_400by400_Class_0\0\1015_11600_4000_img_b69YcSx02pMarlVN_GBR_cls_0.jpg,0,0.47551501,0,0.48143211007118225,0,TN,TN,False,unchanged,0.005917100071182235,0.005917100071182235,0,1,0,boundary
C:\Users\amit nagar\Projects\oilguard\data\CSIRO\S1SAR_UnBalanced_400by400_Class_0\0\2148_15600_6800_img_n2d2gKyUUgyWoub4_GIB_cls_0.jpg,0,0.37224737,0,0.35359475016593933,0,TN,TN,False,unchanged,-0.01865261983406069,0.01865261983406069,0,0,0,absent
C:\Users\amit nagar\Projects\oilguard\data\CSIRO\S1SAR_UnBalanced_400by400_Class_1\1\9_200_400_img_tJbJoQ5EpL1u4H7q_GBR_cls_1.jpg,1,0.84259224,1,0.7808725237846375,1,TP,TP,False,unchanged,-0.06171971621536254,0.06171971621536254,0,0,0,absent
C:\Users\amit nagar\Projects\oilguard\data\CSIRO\S1SAR_UnBalanced_400by400_Class_1\1\0_0_0_img_4aZQaQr8O8ep5xHK_JAV_cls_1.jpg,1,0.83040315,1,0.7992106676101685,1,TP,TP,False,unchanged,-0.031192482389831522,0.031192482389831522,0,0,0,absent
C:\Users\amit nagar\Projects\oilguard\data\CSIRO\S1SAR_UnBalanced_400by400_Class_0\0\1_200_0_img_6io3fynLgXVWZpTh_GBR_cls_0.jpg,0,0.76520967,1,0.6703414916992188,1,FP,FP,False,unchanged,-0.0948681783007812,0.0948681783007812,0,0,0,absent
C:\Users\amit nagar\Projects\oilguard\data\CSIRO\S1SAR_UnBalanced_400by400_Class_0\0\516_11400_6200_img_dNZYJjrKjc3FHDK1_GBR_cls_0.jpg,0,0.04139869,0,0.0219605453312397,0,TN,TN,False,unchanged,-0.0194381446687603,0.0194381446687603,1,1,0,white
C:\Users\amit nagar\Projects\oilguard\data\CSIRO\S1SAR_UnBalanced_400by400_Class_0\0\2664_7600_8800_img_RaQ3m5pKcjTOMjrW_GIB_cls_0.jpg,0,0.4374066,0,0.44132599234580994,0,TN,TN,False,unchanged,0.003919392345809958,0.003919392345809958,0,0,0,absent
C:\Users\amit nagar\Projects\oilguard\data\CSIRO\S1SAR_UnBalanced_400by400_Class_0\0\0_0_0_img_g0UmZ691H6U6jsEt_GBR_cls_0.jpg,0,0.78169602,1,0.689339816570282,1,FP,FP,False,unchanged,-0.09235620342971806,0.09235620342971806,0,0,0,absent
C:\Users\amit nagar\Projects\oilguard\data\CSIRO\S1SAR_UnBalanced_400by400_Class_0\0\664_4400_3200_img_WCcSMnD0npBdVt7h_GBR_cls_0.jpg,0,0.25862053,0,0.21242377161979675,0,TN,TN,False,unchanged,-0.04619675838020326,0.04619675838020326,0,0,0,absent
C:\Users\amit nagar\Projects\oilguard\data\CSIRO\S1SAR_UnBalanced_400by400_Class_1\1\3_600_0_img_xuglmQVStKULLmZg_JAV_cls_1.jpg,1,0.83753717,1,0.802781343460083,1,TP,TP,False,unchanged,-0.034755826539917045,0.034755826539917045,0,0,0,absent
C:\Users\amit nagar\Projects\oilguard\data\CSIRO\S1SAR_UnBalanced_400by400_Class_0\0\113_8800_1000_img_nzQ02bDTudhlOwGZ_GBR_cls_0.jpg,0,0.36892042,0,0.25691184401512146,0,TN,TN,False,unchanged,-0.11200857598487857,0.11200857598487857,1,1,0,white
C:\Users\amit nagar\Projects\oilguard\data\CSIRO\S1SAR_UnBalanced_400by400_Class_0\0\1003_12800_5000_img_BrEtMrOmlpvhbe2z_GBR_cls_0.jpg,0,0.42539766,0,0.42390334606170654,0,TN,TN,False,unchanged,-0.0014943139382934678,0.0014943139382934678,0,0,0,absent
C:\Users\amit nagar\Projects\oilguard\data\CSIRO\S1SAR_UnBalanced_400by400_Class_1\1\2_400_0_img_5zJb90BtgdgAnV0m_ISR_cls_1.jpg,1,0.43286467,0,0.5179812908172607,1,FN,TP,True,FN->TP,0.08511662081726074,0.08511662081726074,0,0,1,dark_linear
C:\Users\amit nagar\Projects\oilguard\data\CSIRO\S1SAR_UnBalanced_400by400_Class_1\1\985_2400_4000_img_iHUmv1kRROmWwalL_SIN_cls_1.jpg,1,0.35865581,0,0.33772745728492737,0,FN,FN,False,unchanged,-0.02092835271507265,0.02092835271507265,0,0,0,absent
C:\Users\amit nagar\Projects\oilguard\data\CSIRO\S1SAR_UnBalanced_400by400_Class_0\0\2203_11400_10000_img_hr9ej9AceSSjckMy_GBR_cls_0.jpg,0,0.17073251,0,0.11818142235279083,0,TN,TN,False,unchanged,-0.05255108764720917,0.05255108764720917,1,1,0,white
C:\Users\amit nagar\Projects\oilguard\data\CSIRO\S1SAR_UnBalanced_400by400_Class_1\1\2466_9000_8600_img_63mmj6OMKsVB4QGE_SIN_cls_1.jpg,1,0.54805952,1,0.40419358015060425,0,TP,FN,True,TP->FN,-0.14386593984939577,0.14386593984939577,0,0,0,absent
C:\Users\amit nagar\Projects\oilguard\data\CSIRO\S1SAR_UnBalanced_400by400_Class_0\0\0_0_0_img_koC9g2kwvRTC0LcO_MLA_cls_0.jpg,0,0.47117874,0,0.47307929396629333,0,TN,TN,False,unchanged,0.0019005539662933502,0.0019005539662933502,0,0,0,absent
C:\Users\amit nagar\Projects\oilguard\data\CSIRO\S1SAR_UnBalanced_400by400_Class_1\1\0_0_0_img_SyumdaQ4btQAYZqS_JAV_cls_1.jpg,1,0.78479052,1,0.699752151966095,1,TP,TP,False,unchanged,-0.08503836803390508,0.08503836803390508,0,0,0,absent
C:\Users\amit nagar\Projects\oilguard\data\CSIRO\S1SAR_UnBalanced_400by400_Class_0\0\923_6600_5000_img_cz1XyUY7CgncRC2Z_GBR_cls_0.jpg,0,0.53720212,1,0.3162645995616913,0,FP,TN,True,FP->TN,-0.22093752043830872,0.22093752043830872,0,0,0,absent
C:\Users\amit nagar\Projects\oilguard\data\CSIRO\S1SAR_UnBalanced_400by400_Class_0\0\990_1000_4000_img_wVhLoQQD92232JwR_SIN_cls_0.jpg,0,0.24437153,0,0.18185363709926605,0,TN,TN,False,unchanged,-0.06251789290073395,0.06251789290073395,1,1,0,white
C:\Users\amit nagar\Projects\oilguard\data\CSIRO\S1SAR_UnBalanced_400by400_Class_1\1\2553_9800_9600_img_dYEoVLzJnwFkkwhJ_SIN_cls_1.jpg,1,0.47890931,0,0.4789086580276489,0,FN,FN,False,unchanged,-6.519723510511888e-07,6.519723510511888e-07,0,0,0,absent
C:\Users\amit nagar\Projects\oilguard\data\CSIRO\S1SAR_UnBalanced_400by400_Class_1\1\162_11200_3200_img_auN5RMqROhNsUE7r_GBR_cls_1.jpg,1,0.42954269,0,0.3820379674434662,0,FN,FN,False,unchanged,-0.04750472255653382,0.04750472255653382,0,0,1,dark_linear
C:\Users\amit nagar\Projects\oilguard\data\CSIRO\S1SAR_UnBalanced_400by400_Class_1\1\1_200_0_img_BnQrY5XBUEExFNYk_GGu_cls_1.jpg,1,0.79012161,1,0.7938697934150696,1,TP,TP,False,unchanged,0.0037481834150695503,0.0037481834150695503,0,0,0,absent
C:\Users\amit nagar\Projects\oilguard\data\CSIRO\S1SAR_UnBalanced_400by400_Class_0\0\2276_1000_7800_img_1yM8P0vnne8MKmJQ_GBR_cls_0.jpg,0,0.16024329,0,0.10623697936534882,0,TN,TN,False,unchanged,-0.054006310634651195,0.054006310634651195,1,1,0,white
C:\Users\amit nagar\Projects\oilguard\data\CSIRO\S1SAR_UnBalanced_400by400_Class_1\1\2_400_0_img_BnQrY5XBUEExFNYk_GGu_cls_1.jpg,1,0.79634792,1,0.7952147126197815,1,TP,TP,False,unchanged,-0.0011332073802184928,0.0011332073802184928,0,0,0,absent
C:\Users\amit nagar\Projects\oilguard\data\CSIRO\S1SAR_UnBalanced_400by400_Class_0\0\565_7800_2600_img_rnp56OOgdTLwge7V_SIN_cls_0.jpg,0,0.5896346,1,0.4298996031284332,0,FP,TN,True,FP->TN,-0.15973499687156678,0.15973499687156678,0,0,0,absent
C:\Users\amit nagar\Projects\oilguard\data\CSIRO\S1SAR_UnBalanced_400by400_Class_0\0\2_400_0_img_AONxl3nLGrC9zq8o_GBR_cls_0.jpg,0,0.66532463,1,0.6101893782615662,1,FP,FP,False,unchanged,-0.05513525173843381,0.05513525173843381,0,0,0,absent
C:\Users\amit nagar\Projects\oilguard\data\CSIRO\S1SAR_UnBalanced_400by400_Class_0\0\0_0_0_img_XZFf23jqe95FL9jZ_GBR_cls_0.jpg,0,0.74837893,1,0.6620199084281921,1,FP,FP,False,unchanged,-0.08635902157180786,0.08635902157180786,0,0,0,absent
C:\Users\amit nagar\Projects\oilguard\data\CSIRO\S1SAR_UnBalanced_400by400_Class_0\0\1218_1400_5400_img_YpobNdXJM7lXtd4q_GBR_cls_0.jpg,0,0.30598474,0,0.2633706033229828,0,TN,TN,False,unchanged,-0.04261413667701719,0.04261413667701719,0,0,0,absent
C:\Users\amit nagar\Projects\oilguard\data\CSIRO\S1SAR_UnBalanced_400by400_Class_1\1\10_400_400_img_SQ5gTWVkV46K935m_GBR_cls_1.jpg,1,0.76350814,1,0.6710463166236877,1,TP,TP,False,unchanged,-0.09246182337631226,0.09246182337631226,0,0,0,absent
C:\Users\amit nagar\Projects\oilguard\data\CSIRO\S1SAR_UnBalanced_400by400_Class_0\0\1_200_0_img_UPsALQodfCJtp6hu_GBR_cls_0.jpg,0,0.45212403,0,0.42396968603134155,0,TN,TN,False,unchanged,-0.028154343968658457,0.028154343968658457,0,0,0,absent
C:\Users\amit nagar\Projects\oilguard\data\CSIRO\S1SAR_UnBalanced_400by400_Class_1\1\10_400_400_img_YE92YL2bfO26pdtR_JAV_cls_1.jpg,1,0.84151495,1,0.8005748987197876,1,TP,TP,False,unchanged,-0.040940051280212386,0.040940051280212386,0,0,0,absent
C:\Users\amit nagar\Projects\oilguard\data\CSIRO\S1SAR_UnBalanced_400by400_Class_1\1\0_0_0_img_1nb7rUyqBdfrYHhn_JAV_cls_1.jpg,1,0.79501885,1,0.7603172659873962,1,TP,TP,False,unchanged,-0.034701584012603814,0.034701584012603814,0,1,0,boundary
C:\Users\amit nagar\Projects\oilguard\data\CSIRO\S1SAR_UnBalanced_400by400_Class_1\1\521_3200_3000_img_5Sf6LuEm0T4nGOgv_GBR_cls_1.jpg,1,0.42434448,0,0.42523959279060364,0,FN,FN,False,unchanged,0.0008951127906036138,0.0008951127906036138,0,1,1,boundary
C:\Users\amit nagar\Projects\oilguard\data\CSIRO\S1SAR_UnBalanced_400by400_Class_1\1\1_200_0_img_9Isa8WBDYuqX5HRG_JAV_cls_1.jpg,1,0.82231534,1,0.8002251386642456,1,TP,TP,False,unchanged,-0.022090201335754345,0.022090201335754345,0,0,0,absent
C:\Users\amit nagar\Projects\oilguard\data\CSIRO\S1SAR_UnBalanced_400by400_Class_0\0\2_400_0_img_Ew9j227h6OxgPygX_GBR_cls_0.jpg,0,0.54068351,1,0.46131575107574463,0,FP,TN,True,FP->TN,-0.0793677589242554,0.0793677589242554,0,0,0,absent
C:\Users\amit nagar\Projects\oilguard\data\CSIRO\S1SAR_UnBalanced_400by400_Class_0\0\222_12000_1400_img_Mj04BHdgFn6T5se5_SIN_cls_0.jpg,0,0.50919724,1,0.5103083848953247,1,FP,FP,False,unchanged,0.0011111448953247116,0.0011111448953247116,0,0,0,absent
C:\Users\amit nagar\Projects\oilguard\data\CSIRO\S1SAR_UnBalanced_400by400_Class_1\1\2_400_0_img_XkHWXB8CElvNQsYq_GBR_cls_1.jpg,1,0.77885032,1,0.7542276978492737,1,TP,TP,False,unchanged,-0.024622622150726303,0.024622622150726303,0,0,0,absent
C:\Users\amit nagar\Projects\oilguard\data\CSIRO\S1SAR_UnBalanced_400by400_Class_1\1\209_6000_1400_img_DZMdfcjxjJrWQeax_SIN_cls_1.jpg,1,0.51418537,1,0.37796205282211304,0,TP,FN,True,TP->FN,-0.13622331717788694,0.13622331717788694,0,0,0,absent
C:\Users\amit nagar\Projects\oilguard\data\CSIRO\S1SAR_UnBalanced_400by400_Class_1\1\232_4800_1600_img_vkS0Rkt6jHgozGgR_SIN_cls_1.jpg,1,0.43936449,0,0.29045745730400085,0,FN,FN,False,unchanged,-0.14890703269599914,0.14890703269599914,1,1,1,white
C:\Users\amit nagar\Projects\oilguard\data\CSIRO\S1SAR_UnBalanced_400by400_Class_0\0\1383_10400_5600_img_XzVumpXpMCVvkGBg_GBR_cls_0.jpg,0,0.22913194,0,0.1736641824245453,0,TN,TN,False,unchanged,-0.05546775757545472,0.05546775757545472,1,0,0,white
C:\Users\amit nagar\Projects\oilguard\data\CSIRO\S1SAR_UnBalanced_400by400_Class_0\0\2047_6800_8200_img_6MOmyEPkOyIG3z8m_GBR_cls_0.jpg,0,0.50622451,1,0.396016925573349,0,FP,TN,True,FP->TN,-0.11020758442665102,0.11020758442665102,0,0,0,absent
C:\Users\amit nagar\Projects\oilguard\data\CSIRO\S1SAR_UnBalanced_400by400_Class_1\1\8_0_400_img_e0ltJbJmM6OhWK8k_JAV_cls_1.jpg,1,0.74465257,1,0.6529722809791565,1,TP,TP,False,unchanged,-0.09168028902084346,0.09168028902084346,0,0,0,absent
C:\Users\amit nagar\Projects\oilguard\data\CSIRO\S1SAR_UnBalanced_400by400_Class_0\0\1032_6800_5000_img_E9BFW9iyc5CkS3r1_GBR_cls_0.jpg,0,0.08413997,0,0.0582355298101902,0,TN,TN,False,unchanged,-0.025904440189809794,0.025904440189809794,1,0,0,white
C:\Users\amit nagar\Projects\oilguard\data\CSIRO\S1SAR_UnBalanced_400by400_Class_0\0\6_400_200_img_xFHi5Ujq9VWX0E6E_GBR_cls_0.jpg,0,0.81227899,1,0.7337226271629333,1,FP,FP,False,unchanged,-0.07855636283706668,0.07855636283706668,0,0,0,absent
C:\Users\amit nagar\Projects\oilguard\data\CSIRO\S1SAR_UnBalanced_400by400_Class_0\0\1721_8200_7000_img_RqIxJfmOGtNCrs4c_GBR_cls_0.jpg,0,0.45856401,0,0.37098535895347595,0,TN,TN,False,unchanged,-0.08757865104652407,0.08757865104652407,0,0,1,dark_linear
C:\Users\amit nagar\Projects\oilguard\data\CSIRO\S1SAR_UnBalanced_400by400_Class_0\0\268_5800_1800_img_MrxCNysmQNDRLGr9_GBR_cls_0.jpg,0,0.29120085,0,0.24396009743213654,0,TN,TN,False,unchanged,-0.047240752567863475,0.047240752567863475,1,0,0,white
C:\Users\amit nagar\Projects\oilguard\data\CSIRO\S1SAR_UnBalanced_400by400_Class_0\0\2736_9800_9200_img_kKFl2hd3HMVWgOGH_SIN_cls_0.jpg,0,0.07261026,0,0.04323460906744003,0,TN,TN,False,unchanged,-0.029375650932559963,0.029375650932559963,1,0,0,white
C:\Users\amit nagar\Projects\oilguard\data\CSIRO\S1SAR_UnBalanced_400by400_Class_0\0\1_200_0_img_s73EJZ2QXkFFpTV4_PHI_cls_0.jpg,0,0.49106035,0,0.4931470453739166,0,TN,TN,False,unchanged,0.002086695373916647,0.002086695373916647,0,0,0,absent
C:\Users\amit nagar\Projects\oilguard\data\CSIRO\S1SAR_UnBalanced_400by400_Class_0\0\4_12200_0_img_eFvM9w3TqtGwDTKe_SIN_cls_0.jpg,0,0.05647982,0,0.03226036950945854,0,TN,TN,False,unchanged,-0.024219450490541458,0.024219450490541458,1,0,1,white
C:\Users\amit nagar\Projects\oilguard\data\CSIRO\S1SAR_UnBalanced_400by400_Class_0\0\1968_8600_6800_img_tgrJKYSVSvkiCxlm_SIN_cls_0.jpg,0,0.53022528,1,0.4146205484867096,0,FP,TN,True,FP->TN,-0.11560473151329043,0.11560473151329043,0,0,0,absent
C:\Users\amit nagar\Projects\oilguard\data\CSIRO\S1SAR_UnBalanced_400by400_Class_0\0\458_8400_2400_img_FvkWIxN9BbIwK64S_GBR_cls_0.jpg,0,0.47223702,0,0.3788710832595825,0,TN,TN,False,unchanged,-0.09336593674041749,0.09336593674041749,0,0,0,absent
C:\Users\amit nagar\Projects\oilguard\data\CSIRO\S1SAR_UnBalanced_400by400_Class_0\0\2306_5600_9600_img_rmC8GbmbSM4BblTj_GBR_cls_0.jpg,0,0.15491261,0,0.1453295201063156,0,TN,TN,False,unchanged,-0.009583089893684393,0.009583089893684393,0,0,0,absent
C:\Users\amit nagar\Projects\oilguard\data\CSIRO\S1SAR_UnBalanced_400by400_Class_1\1\6_400_200_img_HgrVCg29BjSOQLAw_GBR_cls_1.jpg,1,0.71574247,1,0.6207022070884705,1,TP,TP,False,unchanged,-0.09504026291152956,0.09504026291152956,0,0,0,absent
C:\Users\amit nagar\Projects\oilguard\data\CSIRO\S1SAR_UnBalanced_400by400_Class_1\1\899_4000_9800_img_PKrFoqXU0rYSbmQv_SIN_cls_1.jpg,1,0.48443016,0,0.47403597831726074,0,FN,FN,False,unchanged,-0.010394181682739256,0.010394181682739256,0,0,0,absent
C:\Users\amit nagar\Projects\oilguard\data\CSIRO\S1SAR_UnBalanced_400by400_Class_0\0\875_7400_4200_img_LsUgQykqgMuhh329_GBR_cls_0.jpg,0,0.56443912,1,0.4156400263309479,0,FP,TN,True,FP->TN,-0.14879909366905208,0.14879909366905208,0,0,0,absent
C:\Users\amit nagar\Projects\oilguard\data\CSIRO\S1SAR_UnBalanced_400by400_Class_1\1\2262_7200_8000_img_hvCHRmIjOteATN6E_SIN_cls_1.jpg,1,0.4580079,0,0.4333478808403015,0,FN,FN,False,unchanged,-0.02466001915969851,0.02466001915969851,0,1,1,boundary
C:\Users\amit nagar\Projects\oilguard\data\CSIRO\S1SAR_UnBalanced_400by400_Class_0\0\10_400_400_img_mlYntnRJnPteM5Fa_GBR_cls_0.jpg,0,0.71225882,1,0.6556788086891174,1,FP,FP,False,unchanged,-0.05658001131088253,0.05658001131088253,0,0,0,absent
C:\Users\amit nagar\Projects\oilguard\data\CSIRO\S1SAR_UnBalanced_400by400_Class_0\0\927_7800_3800_img_CSA58W5arEUXqlCT_GBR_cls_0.jpg,0,0.45481002,0,0.4189020097255707,0,TN,TN,False,unchanged,-0.0359080102744293,0.0359080102744293,0,0,0,absent
C:\Users\amit nagar\Projects\oilguard\data\CSIRO\S1SAR_UnBalanced_400by400_Class_0\0\1_200_0_img_36J3JcEV2tEpgWSe_EGY_cls_0.jpg,0,0.50091058,1,0.5428628325462341,1,FP,FP,False,unchanged,0.04195225254623414,0.04195225254623414,0,0,0,absent
C:\Users\amit nagar\Projects\oilguard\data\CSIRO\S1SAR_UnBalanced_400by400_Class_0\0\144_7800_1400_img_dlgcUVtXspX0EXZt_GBR_cls_0.jpg,0,0.53893507,1,0.3400341868400574,0,FP,TN,True,FP->TN,-0.1989008831599426,0.1989008831599426,0,1,0,boundary
C:\Users\amit nagar\Projects\oilguard\data\CSIRO\S1SAR_UnBalanced_400by400_Class_0\0\1652_800_6000_img_v246W8EmjBBoVOV0_SIN_cls_0.jpg,0,0.62832475,1,0.43486836552619934,0,FP,TN,True,FP->TN,-0.19345638447380065,0.19345638447380065,0,0,0,absent
C:\Users\amit nagar\Projects\oilguard\data\CSIRO\S1SAR_UnBalanced_400by400_Class_1\1\6_400_200_img_0bBRglmdLdC6cFxF_JAV_cls_1.jpg,1,0.83907586,1,0.7813591957092285,1,TP,TP,False,unchanged,-0.05771666429077149,0.05771666429077149,0,0,0,absent
C:\Users\amit nagar\Projects\oilguard\data\CSIRO\S1SAR_UnBalanced_400by400_Class_0\0\2_400_0_img_oX6UBHbDaJR9tVXv_EGY_cls_0.jpg,0,0.52977937,1,0.5526300072669983,1,FP,FP,False,unchanged,0.02285063726699832,0.02285063726699832,0,1,0,boundary
C:\Users\amit nagar\Projects\oilguard\data\CSIRO\S1SAR_UnBalanced_400by400_Class_0\0\2417_1800_8200_img_EppU8Z5MCiREy7AA_GBR_cls_0.jpg,0,0.14390787,0,0.13732022047042847,0,TN,TN,False,unchanged,-0.0065876495295715265,0.0065876495295715265,0,0,0,absent
C:\Users\amit nagar\Projects\oilguard\data\CSIRO\S1SAR_UnBalanced_400by400_Class_1\1\591_12800_3800_img_pVLzEWIy3oOYLKhw_GBR_cls_1.jpg,1,0.57535744,1,0.4670252203941345,0,TP,FN,True,TP->FN,-0.10833221960586548,0.10833221960586548,0,0,0,absent
C:\Users\amit nagar\Projects\oilguard\data\CSIRO\S1SAR_UnBalanced_400by400_Class_0\0\2102_7600_7200_img_B00boA7p1lu52HMa_GBR_cls_0.jpg,0,0.5828954,1,0.3956165909767151,0,FP,TN,True,FP->TN,-0.18727880902328486,0.18727880902328486,0,0,0,absent
C:\Users\amit nagar\Projects\oilguard\data\CSIRO\S1SAR_UnBalanced_400by400_Class_0\0\807_6200_4200_img_x2WFR1LLdgm7hoXH_GBR_cls_0.jpg,0,0.24785085,0,0.1937258392572403,0,TN,TN,False,unchanged,-0.054125010742759716,0.054125010742759716,1,1,0,white
C:\Users\amit nagar\Projects\oilguard\data\CSIRO\S1SAR_UnBalanced_400by400_Class_0\0\884_11400_8600_img_pYTWs4i0hWhXrI0m_GBR_cls_0.jpg,0,0.44651413,0,0.43924739956855774,0,TN,TN,False,unchanged,-0.00726673043144227,0.00726673043144227,1,0,0,white
C:\Users\amit nagar\Projects\oilguard\data\CSIRO\S1SAR_UnBalanced_400by400_Class_0\0\1474_4400_6800_img_bsWd8kc8rhzpg1pC_GBR_cls_0.jpg,0,0.11790428,0,0.08968806266784668,0,TN,TN,False,unchanged,-0.02821621733215332,0.02821621733215332,1,0,0,white
C:\Users\amit nagar\Projects\oilguard\data\CSIRO\S1SAR_UnBalanced_400by400_Class_0\0\651_3400_3400_img_J7IJq7GmWQGvu64B_GBR_cls_0.jpg,0,0.49668005,0,0.3860374689102173,0,TN,TN,False,unchanged,-0.1106425810897827,0.1106425810897827,0,0,0,absent
C:\Users\amit nagar\Projects\oilguard\data\CSIRO\S1SAR_UnBalanced_400by400_Class_0\0\0_0_0_img_RzudfrFBZdgdEinZ_BAH_cls_0.jpg,0,0.13465701,0,0.10058063268661499,0,TN,TN,False,unchanged,-0.034076377313385,0.034076377313385,1,0,0,white
C:\Users\amit nagar\Projects\oilguard\data\CSIRO\S1SAR_UnBalanced_400by400_Class_0\0\218_13400_2800_img_p4cJo5U6uoHa844k_GBR_cls_0.jpg,0,0.3590782,0,0.2954820692539215,0,TN,TN,False,unchanged,-0.0635961307460785,0.0635961307460785,0,1,1,boundary
C:\Users\amit nagar\Projects\oilguard\data\CSIRO\S1SAR_UnBalanced_400by400_Class_0\0\1394_11400_6400_img_wW0OWRS0JT36JgzK_GBR_cls_0.jpg,0,0.43237329,0,0.4348207116127014,0,TN,TN,False,unchanged,0.002447421612701395,0.002447421612701395,0,0,0,absent
C:\Users\amit nagar\Projects\oilguard\data\CSIRO\S1SAR_UnBalanced_400by400_Class_0\0\683_13400_3600_img_lNM0ePepdFFwT2cM_GBR_cls_0.jpg,0,0.45734942,0,0.44775933027267456,0,TN,TN,False,unchanged,-0.009590089727325446,0.009590089727325446,0,0,0,absent
C:\Users\amit nagar\Projects\oilguard\data\CSIRO\S1SAR_UnBalanced_400by400_Class_1\1\2_400_0_img_MSB0wqoY8PVXx6y4_NOR_cls_1.jpg,1,0.44882411,0,0.5157860517501831,1,FN,TP,True,FN->TP,0.06696194175018311,0.06696194175018311,0,0,0,absent
C:\Users\amit nagar\Projects\oilguard\data\CSIRO\S1SAR_UnBalanced_400by400_Class_0\0\311_8800_1800_img_V763wPA5GFNbuw5b_SIN_cls_0.jpg,0,0.49209687,0,0.46373990178108215,0,TN,TN,False,unchanged,-0.028356968218917866,0.028356968218917866,0,0,0,absent
C:\Users\amit nagar\Projects\oilguard\data\CSIRO\S1SAR_UnBalanced_400by400_Class_0\0\0_0_0_img_CggD9VZUlU9VIQsJ_LUC_cls_0.jpg,0,0.38685066,0,0.3174270689487457,0,TN,TN,False,unchanged,-0.06942359105125429,0.06942359105125429,1,0,0,white
C:\Users\amit nagar\Projects\oilguard\data\CSIRO\S1SAR_UnBalanced_400by400_Class_0\0\738_10600_4800_img_jCUJnAtSDLI8FVjw_GBR_cls_0.jpg,0,0.05057041,0,0.028755992650985718,0,TN,TN,False,unchanged,-0.021814417349014285,0.021814417349014285,1,0,0,white
C:\Users\amit nagar\Projects\oilguard\data\CSIRO\S1SAR_UnBalanced_400by400_Class_0\0\43_2400_1200_img_1h7rBiNpQXoV0Cth_GBR_cls_0.jpg,0,0.09187418,0,0.06474798917770386,0,TN,TN,False,unchanged,-0.027126190822296142,0.027126190822296142,1,0,1,white
C:\Users\amit nagar\Projects\oilguard\data\CSIRO\S1SAR_UnBalanced_400by400_Class_0\0\1255_13200_4600_img_777dfTSCQh5PjPSH_SIN_cls_0.jpg,0,0.05997151,0,0.035183560103178024,0,TN,TN,False,unchanged,-0.024787949896821974,0.024787949896821974,1,0,1,white
C:\Users\amit nagar\Projects\oilguard\data\CSIRO\S1SAR_UnBalanced_400by400_Class_0\0\1141_6800_4200_img_1VuMU7p6MdX2q5It_GIB_cls_0.jpg,0,0.62772554,1,0.5343829393386841,1,FP,FP,False,unchanged,-0.09334260066131594,0.09334260066131594,0,0,0,absent
C:\Users\amit nagar\Projects\oilguard\data\CSIRO\S1SAR_UnBalanced_400by400_Class_1\1\754_11000_5200_img_MPeU5bLxoAE38hGi_SIN_cls_1.jpg,1,0.47084945,0,0.4730274975299835,0,FN,FN,False,unchanged,0.002178047529983518,0.002178047529983518,0,0,0,absent
C:\Users\amit nagar\Projects\oilguard\data\CSIRO\S1SAR_UnBalanced_400by400_Class_1\1\6_400_200_img_BTVaT4Uxop7F9Jmk_JAV_cls_1.jpg,1,0.85420233,1,0.8073567748069763,1,TP,TP,False,unchanged,-0.04684555519302369,0.04684555519302369,0,0,0,absent
C:\Users\amit nagar\Projects\oilguard\data\CSIRO\S1SAR_UnBalanced_400by400_Class_0\0\1621_6200_6800_img_An1DS0NbCXvuwGxF_GBR_cls_0.jpg,0,0.58600366,1,0.45150214433670044,0,FP,TN,True,FP->TN,-0.1345015156632996,0.1345015156632996,0,1,0,boundary
C:\Users\amit nagar\Projects\oilguard\data\CSIRO\S1SAR_UnBalanced_400by400_Class_1\1\5_200_200_img_tflF5qTk6MOo9aDD_GBR_cls_1.jpg,1,0.8313812,1,0.7658438682556152,1,TP,TP,False,unchanged,-0.06553733174438481,0.06553733174438481,0,0,0,absent
C:\Users\amit nagar\Projects\oilguard\data\CSIRO\S1SAR_UnBalanced_400by400_Class_0\0\1_200_0_img_A0hHuR13Y6lQcrf9_GBR_cls_0.jpg,0,0.51568627,1,0.452889621257782,0,FP,TN,True,FP->TN,-0.06279664874221802,0.06279664874221802,0,0,0,absent
C:\Users\amit nagar\Projects\oilguard\data\CSIRO\S1SAR_UnBalanced_400by400_Class_0\0\1921_12800_10800_img_BsvunTskNNMqrTkS_GBR_cls_0.jpg,0,0.38491043,0,0.2944262623786926,0,TN,TN,False,unchanged,-0.0904841676213074,0.0904841676213074,0,0,0,absent
C:\Users\amit nagar\Projects\oilguard\data\CSIRO\S1SAR_UnBalanced_400by400_Class_1\1\133_6000_1000_img_djXIFCOUHHTDV9rG_SIN_cls_1.jpg,1,0.41679013,0,0.33361345529556274,0,FN,FN,False,unchanged,-0.08317667470443724,0.08317667470443724,0,1,1,boundary
C:\Users\amit nagar\Projects\oilguard\data\CSIRO\S1SAR_UnBalanced_400by400_Class_0\0\270_9400_2000_img_n76HQQBHfsEMiAaH_GBR_cls_0.jpg,0,0.06225774,0,0.03514827415347099,0,TN,TN,False,unchanged,-0.027109465846529006,0.027109465846529006,1,1,0,white
C:\Users\amit nagar\Projects\oilguard\data\CSIRO\S1SAR_UnBalanced_400by400_Class_1\1\3_600_0_img_23f2CZEf6vVy6YsI_PHI_cls_1.jpg,1,0.43591496,0,0.424329549074173,0,FN,FN,False,unchanged,-0.011585410925827044,0.011585410925827044,0,1,0,boundary
C:\Users\amit nagar\Projects\oilguard\data\CSIRO\S1SAR_UnBalanced_400by400_Class_1\1\1019_6000_4000_img_wTObUTa2a5q5p3Do_SIN_cls_1.jpg,1,0.57734573,1,0.42909401655197144,0,TP,FN,True,TP->FN,-0.14825171344802857,0.14825171344802857,0,1,0,boundary
C:\Users\amit nagar\Projects\oilguard\data\CSIRO\S1SAR_UnBalanced_400by400_Class_1\1\10_400_400_img_zJerYtMyzc11Jo5S_EGY_cls_1.jpg,1,0.49272773,0,0.44588541984558105,0,FN,FN,False,unchanged,-0.04684231015441892,0.04684231015441892,0,1,0,boundary
C:\Users\amit nagar\Projects\oilguard\data\CSIRO\S1SAR_UnBalanced_400by400_Class_1\1\1050_11400_4200_img_AIcdCnNj0WqXvvK7_SIN_cls_1.jpg,1,0.43257728,0,0.42233049869537354,0,FN,FN,False,unchanged,-0.010246781304626473,0.010246781304626473,0,0,0,absent
C:\Users\amit nagar\Projects\oilguard\data\CSIRO\S1SAR_UnBalanced_400by400_Class_0\0\0_0_0_img_zNpTnA50B1fA0RCU_SFr_cls_0.jpg,0,0.54004931,1,0.5463109016418457,1,FP,FP,False,unchanged,0.0062615916418456985,0.0062615916418456985,0,0,0,absent
C:\Users\amit nagar\Projects\oilguard\data\CSIRO\S1SAR_UnBalanced_400by400_Class_0\0\197_7800_1400_img_H5Ubs9bU3JnGa8DF_GBR_cls_0.jpg,0,0.50948805,1,0.3612370193004608,0,FP,TN,True,FP->TN,-0.14825103069953915,0.14825103069953915,0,1,0,boundary
C:\Users\amit nagar\Projects\oilguard\data\CSIRO\S1SAR_UnBalanced_400by400_Class_0\0\1714_9200_9600_img_u5DEydLnSQ6Myghj_GBR_cls_0.jpg,0,0.60720837,1,0.44987255334854126,0,FP,TN,True,FP->TN,-0.1573358166514588,0.1573358166514588,0,0,0,absent
C:\Users\amit nagar\Projects\oilguard\data\CSIRO\S1SAR_UnBalanced_400by400_Class_0\0\371_10000_3000_img_7k9gdRAI3cM4xOvV_SIN_cls_0.jpg,0,0.49448094,0,0.48233702778816223,0,TN,TN,False,unchanged,-0.012143912211837748,0.012143912211837748,0,0,0,absent
C:\Users\amit nagar\Projects\oilguard\data\CSIRO\S1SAR_UnBalanced_400by400_Class_0\0\8_0_400_img_HgrVCg29BjSOQLAw_GBR_cls_0.jpg,0,0.75319093,1,0.6596568822860718,1,FP,FP,False,unchanged,-0.09353404771392826,0.09353404771392826,0,0,0,absent
C:\Users\amit nagar\Projects\oilguard\data\CSIRO\S1SAR_UnBalanced_400by400_Class_0\0\2418_4800_9600_img_MplpBhVUznjymGa6_GBR_cls_0.jpg,0,0.64802164,1,0.5000791549682617,1,FP,FP,False,unchanged,-0.14794248503173824,0.14794248503173824,0,0,0,absent
C:\Users\amit nagar\Projects\oilguard\data\CSIRO\S1SAR_UnBalanced_400by400_Class_0\0\1041_4600_4200_img_dbNA4uwHtDEH3kfx_GBR_cls_0.jpg,0,0.66746008,1,0.5457711815834045,1,FP,FP,False,unchanged,-0.12168889841659547,0.12168889841659547,0,0,0,absent
C:\Users\amit nagar\Projects\oilguard\data\CSIRO\S1SAR_UnBalanced_400by400_Class_1\1\1_200_0_img_4UEXn9JIvqIMCWxL_JAV_cls_1.jpg,1,0.81545037,1,0.7981603145599365,1,TP,TP,False,unchanged,-0.017290055440063457,0.017290055440063457,0,0,0,absent
C:\Users\amit nagar\Projects\oilguard\data\CSIRO\S1SAR_UnBalanced_400by400_Class_1\1\5_200_200_img_Tje2AIEC0UAjMwqg_GBR_cls_1.jpg,1,0.84095424,1,0.7990007400512695,1,TP,TP,False,unchanged,-0.04195349994873043,0.04195349994873043,0,0,0,absent
C:\Users\amit nagar\Projects\oilguard\data\CSIRO\S1SAR_UnBalanced_400by400_Class_0\0\1596_13600_6600_img_k8Sv88KAEpd2NZKO_GBR_cls_0.jpg,0,0.24317479,0,0.1965387910604477,0,TN,TN,False,unchanged,-0.04663599893955231,0.04663599893955231,0,0,0,absent
C:\Users\amit nagar\Projects\oilguard\data\CSIRO\S1SAR_UnBalanced_400by400_Class_0\0\1335_8600_5200_img_5ATZxKI2940LtTto_SIN_cls_0.jpg,0,0.48458353,0,0.47082456946372986,0,TN,TN,False,unchanged,-0.013758960536270126,0.013758960536270126,0,0,0,absent
C:\Users\amit nagar\Projects\oilguard\data\CSIRO\S1SAR_UnBalanced_400by400_Class_0\0\0_0_0_img_64kpNBoSb9fUq0CC_BAH_cls_0.jpg,0,0.40419629,0,0.32169485092163086,0,TN,TN,False,unchanged,-0.08250143907836915,0.08250143907836915,0,0,0,absent
C:\Users\amit nagar\Projects\oilguard\data\CSIRO\S1SAR_UnBalanced_400by400_Class_1\1\1_200_0_img_FDrgkB1sww8X6GKC_JAV_cls_1.jpg,1,0.81548673,1,0.7971254587173462,1,TP,TP,False,unchanged,-0.018361271282653857,0.018361271282653857,0,0,0,absent
C:\Users\amit nagar\Projects\oilguard\data\CSIRO\S1SAR_UnBalanced_400by400_Class_1\1\3_600_0_img_w63a1vAZWfikN25W_JAV_cls_1.jpg,1,0.81071389,1,0.7801103591918945,1,TP,TP,False,unchanged,-0.030603530808105517,0.030603530808105517,0,0,0,absent
C:\Users\amit nagar\Projects\oilguard\data\CSIRO\S1SAR_UnBalanced_400by400_Class_0\0\206_8400_1400_img_YrFgZL25Z5Jua1gi_SIN_cls_0.jpg,0,0.25782254,0,0.1727079153060913,0,TN,TN,False,unchanged,-0.08511462469390868,0.08511462469390868,1,1,0,white
C:\Users\amit nagar\Projects\oilguard\data\CSIRO\S1SAR_UnBalanced_400by400_Class_0\0\652_6800_7200_img_Ac5SQeDID1MP9Dde_GBR_cls_0.jpg,0,0.50212502,1,0.3899545967578888,0,FP,TN,True,FP->TN,-0.11217042324211124,0.11217042324211124,0,0,0,absent
C:\Users\amit nagar\Projects\oilguard\data\CSIRO\S1SAR_UnBalanced_400by400_Class_1\1\790_11000_5400_img_muoEYpYZjyUNQM6v_SIN_cls_1.jpg,1,0.45542747,0,0.4569814205169678,0,FN,FN,False,unchanged,0.0015539505169677725,0.0015539505169677725,0,0,0,absent
C:\Users\amit nagar\Projects\oilguard\data\CSIRO\S1SAR_UnBalanced_400by400_Class_0\0\703_8200_4200_img_MYpogYq59nstiSz2_SIN_cls_0.jpg,0,0.1563907,0,0.10481452196836472,0,TN,TN,False,unchanged,-0.05157617803163528,0.05157617803163528,1,0,0,white
C:\Users\amit nagar\Projects\oilguard\data\CSIRO\S1SAR_UnBalanced_400by400_Class_0\0\1646_8400_6400_img_W3Xbl96BdVMePUZF_GBR_cls_0.jpg,0,0.41906503,0,0.3878384828567505,0,TN,TN,False,unchanged,-0.031226547143249517,0.031226547143249517,1,1,0,white
C:\Users\amit nagar\Projects\oilguard\data\CSIRO\S1SAR_UnBalanced_400by400_Class_0\0\1_200_0_img_LzVZktdAcOHnAzDH_GBR_cls_0.jpg,0,0.75900388,1,0.6697441935539246,1,FP,FP,False,unchanged,-0.0892596864460754,0.0892596864460754,0,0,0,absent
C:\Users\amit nagar\Projects\oilguard\data\CSIRO\S1SAR_UnBalanced_400by400_Class_0\0\2620_4000_8800_img_abZmTsXozlGhPXq9_GBR_cls_0.jpg,0,0.45715916,0,0.44206705689430237,0,TN,TN,False,unchanged,-0.01509210310569764,0.01509210310569764,0,0,0,absent
C:\Users\amit nagar\Projects\oilguard\data\CSIRO\S1SAR_UnBalanced_400by400_Class_1\1\10_400_400_img_0XNpLu6NngRGgyFC_JAV_cls_1.jpg,1,0.8046509,1,0.7881036400794983,1,TP,TP,False,unchanged,-0.016547259920501656,0.016547259920501656,0,0,0,absent
C:\Users\amit nagar\Projects\oilguard\data\CSIRO\S1SAR_UnBalanced_400by400_Class_1\1\6_400_200_img_UERfk6hkc2hgJ8EQ_GGu_cls_1.jpg,1,0.75978523,1,0.7833978533744812,1,TP,TP,False,unchanged,0.023612623374481223,0.023612623374481223,0,0,0,absent
C:\Users\amit nagar\Projects\oilguard\data\CSIRO\S1SAR_UnBalanced_400by400_Class_1\1\6_400_200_img_NIQD4cYPEnZoZOFb_JAV_cls_1.jpg,1,0.6312502,1,0.7356423735618591,1,TP,TP,False,unchanged,0.10439217356185915,0.10439217356185915,0,0,0,absent
C:\Users\amit nagar\Projects\oilguard\data\CSIRO\S1SAR_UnBalanced_400by400_Class_0\0\805_10400_8200_img_PzqA0cgoL5QHOgMr_GBR_cls_0.jpg,0,0.36222938,0,0.32691752910614014,0,TN,TN,False,unchanged,-0.03531185089385985,0.03531185089385985,1,0,0,white
C:\Users\amit nagar\Projects\oilguard\data\CSIRO\S1SAR_UnBalanced_400by400_Class_0\0\808_8600_4400_img_ixU30xKZz513pAWq_GBR_cls_0.jpg,0,0.68002486,1,0.5733425617218018,1,FP,FP,False,unchanged,-0.1066822982781982,0.1066822982781982,0,0,0,absent
C:\Users\amit nagar\Projects\oilguard\data\CSIRO\S1SAR_UnBalanced_400by400_Class_0\0\824_5800_8600_img_9sunwtpOwbTEmXTe_GBR_cls_0.jpg,0,0.46718544,0,0.4615733325481415,0,TN,TN,False,unchanged,-0.005612107451858528,0.005612107451858528,0,0,0,absent
C:\Users\amit nagar\Projects\oilguard\data\CSIRO\S1SAR_UnBalanced_400by400_Class_0\0\3_600_0_img_TArzxQgvbegdGzU5_BLS_cls_0.jpg,0,0.82678169,1,0.7998866438865662,1,FP,FP,False,unchanged,-0.02689504611343385,0.02689504611343385,0,0,0,absent
C:\Users\amit nagar\Projects\oilguard\data\CSIRO\S1SAR_UnBalanced_400by400_Class_1\1\4_0_200_img_ba2IUA6diZwv1kYh_JAV_cls_1.jpg,1,0.82972521,1,0.7685173153877258,1,TP,TP,False,unchanged,-0.06120789461227416,0.06120789461227416,0,0,0,absent
C:\Users\amit nagar\Projects\oilguard\data\CSIRO\S1SAR_UnBalanced_400by400_Class_0\0\0_0_0_img_yLafiDxnijNEX7pu_GBR_cls_0.jpg,0,0.77469093,1,0.6789364218711853,1,FP,FP,False,unchanged,-0.0957545081288147,0.0957545081288147,0,0,0,absent
C:\Users\amit nagar\Projects\oilguard\data\CSIRO\S1SAR_UnBalanced_400by400_Class_1\1\4_0_200_img_pDIYWwxONnsscByp_GBR_cls_1.jpg,1,0.83156574,1,0.7643315196037292,1,TP,TP,False,unchanged,-0.0672342203962708,0.0672342203962708,0,0,0,absent
C:\Users\amit nagar\Projects\oilguard\data\CSIRO\S1SAR_UnBalanced_400by400_Class_0\0\1065_8200_4000_img_TLYCNAipf3RTkG2S_GIB_cls_0.jpg,0,0.61116982,1,0.5059664249420166,1,FP,FP,False,unchanged,-0.10520339505798337,0.10520339505798337,0,0,0,absent
C:\Users\amit nagar\Projects\oilguard\data\CSIRO\S1SAR_UnBalanced_400by400_Class_0\0\88_4200_1600_img_rbyK6qNlv79FygZm_GBR_cls_0.jpg,0,0.51751506,1,0.37099769711494446,0,FP,TN,True,FP->TN,-0.14651736288505557,0.14651736288505557,0,1,1,boundary
C:\Users\amit nagar\Projects\oilguard\data\CSIRO\S1SAR_UnBalanced_400by400_Class_0\0\1854_9800_6600_img_IBz3BxK4TbuaZxm8_GBR_cls_0.jpg,0,0.48371446,0,0.42851656675338745,0,TN,TN,False,unchanged,-0.05519789324661256,0.05519789324661256,0,0,0,absent
C:\Users\amit nagar\Projects\oilguard\data\CSIRO\S1SAR_UnBalanced_400by400_Class_1\1\8_0_400_img_dmVExFV4sAKRgD7q_JAV_rotate1438_6000_1000_img_dmVExFV4sAKRgD7q_JAV_cls_1.jpg,1,0.73418856,1,0.6608806848526001,1,TP,TP,False,unchanged,-0.07330787514739989,0.07330787514739989,0,1,0,boundary
C:\Users\amit nagar\Projects\oilguard\data\CSIRO\S1SAR_UnBalanced_400by400_Class_0\0\2840_12600_11000_img_o7EzLh4lkWDN9Aju_GBR_cls_0.jpg,0,0.40426254,0,0.4134862422943115,0,TN,TN,False,unchanged,0.00922370229431152,0.00922370229431152,0,1,1,boundary
C:\Users\amit nagar\Projects\oilguard\data\CSIRO\S1SAR_UnBalanced_400by400_Class_1\1\1889_8600_6600_img_2uBmrKcLVPTQPI24_SIN_cls_1.jpg,1,0.27955285,0,0.24580687284469604,0,FN,FN,False,unchanged,-0.033745977155303974,0.033745977155303974,1,0,0,white
C:\Users\amit nagar\Projects\oilguard\data\CSIRO\S1SAR_UnBalanced_400by400_Class_0\0\518_5400_3200_img_IVStkd9fxr0ARGkB_GBR_cls_0.jpg,0,0.11930458,0,0.09489195793867111,0,TN,TN,False,unchanged,-0.02441262206132888,0.02441262206132888,1,1,1,white
C:\Users\amit nagar\Projects\oilguard\data\CSIRO\S1SAR_UnBalanced_400by400_Class_1\1\8_0_400_img_6qCH07idUhoJ0mL9_JAV_cls_1.jpg,1,0.83482802,1,0.7998160123825073,1,TP,TP,False,unchanged,-0.03501200761749268,0.03501200761749268,0,0,0,absent
C:\Users\amit nagar\Projects\oilguard\data\CSIRO\S1SAR_UnBalanced_400by400_Class_0\0\2269_9200_8000_img_8m7v9KHFSHdN0z2h_SIN_cls_0.jpg,0,0.53486842,1,0.5165511965751648,1,FP,FP,False,unchanged,-0.018317223424835216,0.018317223424835216,0,0,0,absent
C:\Users\amit nagar\Projects\oilguard\data\CSIRO\S1SAR_UnBalanced_400by400_Class_1\1\367_9400_3000_img_rRhdmQPM3P4AsMYQ_SIN_cls_1.jpg,1,0.44528943,0,0.4108717739582062,0,FN,FN,False,unchanged,-0.03441765604179381,0.03441765604179381,0,0,0,absent
C:\Users\amit nagar\Projects\oilguard\data\CSIRO\S1SAR_UnBalanced_400by400_Class_0\0\1990_6200_8000_img_H80KbItaeBInaQKN_GBR_cls_0.jpg,0,0.31406024,0,0.2591051459312439,0,TN,TN,False,unchanged,-0.054955094068756094,0.054955094068756094,0,0,0,absent
C:\Users\amit nagar\Projects\oilguard\data\CSIRO\S1SAR_UnBalanced_400by400_Class_0\0\2_400_0_img_CMeS5mtBIIVNFdOM_JAV_cls_0.jpg,0,0.82216936,1,0.80088210105896,1,FP,FP,False,unchanged,-0.02128725894104,0.02128725894104,0,0,0,absent
C:\Users\amit nagar\Projects\oilguard\data\CSIRO\S1SAR_UnBalanced_400by400_Class_1\1\3_600_0_img_lQPkKVcgCulwJP8N_JAV_cls_1.jpg,1,0.83249015,1,0.802716851234436,1,TP,TP,False,unchanged,-0.029773298765564005,0.029773298765564005,0,0,0,absent
C:\Users\amit nagar\Projects\oilguard\data\CSIRO\S1SAR_UnBalanced_400by400_Class_0\0\1_200_0_img_QoXUs6o5JoBCqgXs_GBR_cls_0.jpg,0,0.75045913,1,0.6614920496940613,1,FP,FP,False,unchanged,-0.0889670803059387,0.0889670803059387,0,0,0,absent
C:\Users\amit nagar\Projects\oilguard\data\CSIRO\S1SAR_UnBalanced_400by400_Class_1\1\2203_8600_7800_img_bzwSF5gbIpZh5XOL_SIN_cls_1.jpg,1,0.60086721,1,0.4507070481777191,0,TP,FN,True,TP->FN,-0.15016016182228087,0.15016016182228087,0,0,0,absent
C:\Users\amit nagar\Projects\oilguard\data\CSIRO\S1SAR_UnBalanced_400by400_Class_0\0\143_4800_1200_img_iNzz8KIXKiYPh6GF_GBR_cls_0.jpg,0,0.53257167,1,0.5280525088310242,1,FP,FP,False,unchanged,-0.004519161168975883,0.004519161168975883,0,0,0,absent
C:\Users\amit nagar\Projects\oilguard\data\CSIRO\S1SAR_UnBalanced_400by400_Class_0\0\2_400_0_img_chlrpKvD82gFjH0d_JAV_cls_0.jpg,0,0.83322066,1,0.8030130863189697,1,FP,FP,False,unchanged,-0.03020757368103022,0.03020757368103022,0,0,0,absent
C:\Users\amit nagar\Projects\oilguard\data\CSIRO\S1SAR_UnBalanced_400by400_Class_0\0\0_0_0_img_kcI9QBq6kBVl8PCP_GBR_cls_0.jpg,0,0.76611567,1,0.6403664946556091,1,FP,FP,False,unchanged,-0.1257491753443909,0.1257491753443909,0,1,0,boundary
C:\Users\amit nagar\Projects\oilguard\data\CSIRO\S1SAR_UnBalanced_400by400_Class_1\1\2055_1600_7200_img_y1r86gaMpV6fWzCV_SIN_cls_1.jpg,1,0.24968982,0,0.2104799598455429,0,FN,FN,False,unchanged,-0.0392098601544571,0.0392098601544571,0,0,1,dark_linear
C:\Users\amit nagar\Projects\oilguard\data\CSIRO\S1SAR_UnBalanced_400by400_Class_1\1\5_200_200_img_hHyTrtC5H8UXAvyP_ISR_cls_1.jpg,1,0.57819963,1,0.6361679434776306,1,TP,TP,False,unchanged,0.05796831347763065,0.05796831347763065,0,0,0,absent
C:\Users\amit nagar\Projects\oilguard\data\CSIRO\S1SAR_UnBalanced_400by400_Class_1\1\0_0_0_img_L4q5Yq6cb1W0ZhaV_GBR_cls_1.jpg,1,0.83418643,1,0.769037127494812,1,TP,TP,False,unchanged,-0.06514930250518802,0.06514930250518802,0,0,0,absent
C:\Users\amit nagar\Projects\oilguard\data\CSIRO\S1SAR_UnBalanced_400by400_Class_0\0\1553_9000_6400_img_1kNoUBlVGZMVMHsQ_GBR_cls_0.jpg,0,0.38599285,0,0.2820720970630646,0,TN,TN,False,unchanged,-0.10392075293693542,0.10392075293693542,0,0,1,dark_linear
C:\Users\amit nagar\Projects\oilguard\data\CSIRO\S1SAR_UnBalanced_400by400_Class_1\1\1079_9800_6800_img_9su7MpYENXXOYQro_SIN_cls_1.jpg,1,0.42217976,0,0.4078967869281769,0,FN,FN,False,unchanged,-0.014282973071823135,0.014282973071823135,0,1,0,boundary
C:\Users\amit nagar\Projects\oilguard\data\CSIRO\S1SAR_UnBalanced_400by400_Class_1\1\1937_7600_7000_img_mro3XOwGSqahrCNc_SIN_cls_1.jpg,1,0.57241964,1,0.44504421949386597,0,TP,FN,True,TP->FN,-0.12737542050613404,0.12737542050613404,0,1,0,boundary
C:\Users\amit nagar\Projects\oilguard\data\CSIRO\S1SAR_UnBalanced_400by400_Class_0\0\1_200_0_img_64kpNBoSb9fUq0CC_BAH_cls_0.jpg,0,0.3882536,0,0.27865955233573914,0,TN,TN,False,unchanged,-0.10959404766426084,0.10959404766426084,0,0,0,absent
C:\Users\amit nagar\Projects\oilguard\data\CSIRO\S1SAR_UnBalanced_400by400_Class_0\0\0_0_0_img_wC1a4tIsrusSipvY_JAV_cls_0.jpg,0,0.84341049,1,0.7792054414749146,1,FP,FP,False,unchanged,-0.06420504852508546,0.06420504852508546,0,0,0,absent
C:\Users\amit nagar\Projects\oilguard\data\CSIRO\S1SAR_UnBalanced_400by400_Class_1\1\2617_8000_8800_img_KZgqDsU3Tkb8iCwi_SIN_cls_1.jpg,1,0.62969291,1,0.5157010555267334,1,TP,TP,False,unchanged,-0.11399185447326665,0.11399185447326665,0,0,0,absent
C:\Users\amit nagar\Projects\oilguard\data\CSIRO\S1SAR_UnBalanced_400by400_Class_1\1\575_15200_2200_img_vCp1JIfMABfrSU6d_GBR_cls_1.jpg,1,0.10151441,0,0.06469958275556564,0,FN,FN,False,unchanged,-0.036814827244434356,0.036814827244434356,1,0,0,white
C:\Users\amit nagar\Projects\oilguard\data\CSIRO\S1SAR_UnBalanced_400by400_Class_0\0\156_10000_3200_img_hZAW8ahvz0a4LW7G_GBR_cls_0.jpg,0,0.51574785,1,0.395402193069458,0,FP,TN,True,FP->TN,-0.120345656930542,0.120345656930542,0,0,0,absent
C:\Users\amit nagar\Projects\oilguard\data\CSIRO\S1SAR_UnBalanced_400by400_Class_0\0\7_600_200_img_XZFf23jqe95FL9jZ_GBR_cls_0.jpg,0,0.73584527,1,0.6581283807754517,1,FP,FP,False,unchanged,-0.07771688922454834,0.07771688922454834,0,0,0,absent
C:\Users\amit nagar\Projects\oilguard\data\CSIRO\S1SAR_UnBalanced_400by400_Class_0\0\2783_1400_9600_img_oAzyaEScINuTnYEZ_SIN_cls_0.jpg,0,0.12176196,0,0.08806677162647247,0,TN,TN,False,unchanged,-0.03369518837352753,0.03369518837352753,1,0,0,white
C:\Users\amit nagar\Projects\oilguard\data\CSIRO\S1SAR_UnBalanced_400by400_Class_0\0\2599_5200_9600_img_hvlM7Ea7BeXcCzCO_GBR_cls_0.jpg,0,0.41000804,0,0.4063834547996521,0,TN,TN,False,unchanged,-0.0036245852003479184,0.0036245852003479184,0,0,0,absent
C:\Users\amit nagar\Projects\oilguard\data\CSIRO\S1SAR_UnBalanced_400by400_Class_0\0\0_0_0_img_BWp22agyBkSMRFqj_GBR_cls_0.jpg,0,0.80190384,1,0.7195412516593933,1,FP,FP,False,unchanged,-0.08236258834060672,0.08236258834060672,0,0,0,absent
C:\Users\amit nagar\Projects\oilguard\data\CSIRO\S1SAR_UnBalanced_400by400_Class_0\0\1856_2000_6600_img_TgB5876SnBP6EK40_SIN_cls_0.jpg,0,0.28058466,0,0.22395862638950348,0,TN,TN,False,unchanged,-0.05662603361049651,0.05662603361049651,1,0,0,white
C:\Users\amit nagar\Projects\oilguard\data\CSIRO\S1SAR_UnBalanced_400by400_Class_1\1\113_4800_1000_img_bc8OnWaT3RHkb1BF_SIN_cls_1.jpg,1,0.49293071,0,0.4206233024597168,0,FN,FN,False,unchanged,-0.0723074075402832,0.0723074075402832,0,0,1,dark_linear
C:\Users\amit nagar\Projects\oilguard\data\CSIRO\S1SAR_UnBalanced_400by400_Class_0\0\2343_4000_8000_img_0M1ysl3zmmKNDFr0_SIN_cls_0.jpg,0,0.3406921,0,0.30730095505714417,0,TN,TN,False,unchanged,-0.03339114494285583,0.03339114494285583,1,0,0,white
C:\Users\amit nagar\Projects\oilguard\data\CSIRO\S1SAR_UnBalanced_400by400_Class_1\1\9_200_400_img_fLruz7YoMKPt4VGP_JAV_cls_1.jpg,1,0.82946551,1,0.8021402359008789,1,TP,TP,False,unchanged,-0.02732527409912111,0.02732527409912111,0,0,0,absent
C:\Users\amit nagar\Projects\oilguard\data\CSIRO\S1SAR_UnBalanced_400by400_Class_0\0\674_13000_7400_img_cMMLIMbIB71ICQsd_GBR_cls_0.jpg,0,0.09689012,0,0.062483739107847214,0,TN,TN,False,unchanged,-0.03440638089215278,0.03440638089215278,1,1,0,white
C:\Users\amit nagar\Projects\oilguard\data\CSIRO\S1SAR_UnBalanced_400by400_Class_0\0\1_200_0_img_lqw40SwG5UkQ0NrR_ADR_cls_0.jpg,0,0.48752722,0,0.4066839814186096,0,TN,TN,False,unchanged,-0.08084323858139036,0.08084323858139036,0,0,0,absent
C:\Users\amit nagar\Projects\oilguard\data\CSIRO\S1SAR_UnBalanced_400by400_Class_0\0\2697_2000_9200_img_KChqCzvNC17GeM5b_SIN_cls_0.jpg,0,0.20018159,0,0.16794408857822418,0,TN,TN,False,unchanged,-0.03223750142177581,0.03223750142177581,1,0,0,white
C:\Users\amit nagar\Projects\oilguard\data\CSIRO\S1SAR_UnBalanced_400by400_Class_0\0\1491_8000_6200_img_M1j9cs7qdAISnxhK_GBR_cls_0.jpg,0,0.46192867,0,0.3665219247341156,0,TN,TN,False,unchanged,-0.09540674526588439,0.09540674526588439,0,0,1,dark_linear
C:\Users\amit nagar\Projects\oilguard\data\CSIRO\S1SAR_UnBalanced_400by400_Class_0\0\665_13000_4000_img_XGzA10ESwjjfE7jB_SIN_cls_0.jpg,0,0.076017,0,0.04715059697628021,0,TN,TN,False,unchanged,-0.02886640302371979,0.02886640302371979,1,0,1,white
C:\Users\amit nagar\Projects\oilguard\data\CSIRO\S1SAR_UnBalanced_400by400_Class_1\1\1_200_0_img_xIxGMDlfJ0moYo6W_JAV_cls_1.jpg,1,0.84035254,1,0.8010215163230896,1,TP,TP,False,unchanged,-0.03933102367691044,0.03933102367691044,0,0,0,absent
C:\Users\amit nagar\Projects\oilguard\data\CSIRO\S1SAR_UnBalanced_400by400_Class_0\0\0_0_0_img_saCMzfbmwZZC7SDG_MLA_cls_0.jpg,0,0.42799771,0,0.2936921715736389,0,TN,TN,False,unchanged,-0.13430553842636106,0.13430553842636106,0,1,0,boundary
C:\Users\amit nagar\Projects\oilguard\data\CSIRO\S1SAR_UnBalanced_400by400_Class_0\0\2028_4400_9000_img_2hRxqg0goEdPSWzx_GBR_cls_0.jpg,0,0.48841798,0,0.3728138208389282,0,TN,TN,False,unchanged,-0.11560415916107175,0.11560415916107175,0,1,0,boundary
C:\Users\amit nagar\Projects\oilguard\data\CSIRO\S1SAR_UnBalanced_400by400_Class_0\0\2085_6600_8800_img_zteQr5dbCRuyW7t3_GBR_cls_0.jpg,0,0.37194052,0,0.3040288984775543,0,TN,TN,False,unchanged,-0.06791162152244568,0.06791162152244568,0,0,0,absent
C:\Users\amit nagar\Projects\oilguard\data\CSIRO\S1SAR_UnBalanced_400by400_Class_0\0\2082_6400_7800_img_udYTJEyXB1AJQnvv_SIN_cls_0.jpg,0,0.49958792,0,0.4892061650753021,0,TN,TN,False,unchanged,-0.010381754924697895,0.010381754924697895,0,0,0,absent
C:\Users\amit nagar\Projects\oilguard\data\CSIRO\S1SAR_UnBalanced_400by400_Class_1\1\66_4800_3800_img_jiSFio7Cu2R0RgzV_THA_cls_1.jpg,1,0.41551131,0,0.4029325544834137,0,FN,FN,False,unchanged,-0.012578755516586326,0.012578755516586326,0,0,0,absent
C:\Users\amit nagar\Projects\oilguard\data\CSIRO\S1SAR_UnBalanced_400by400_Class_0\0\400_14000_5200_img_o1mUjoIcf1YWrd0A_GBR_cls_0.jpg,0,0.4228037,0,0.42453131079673767,0,TN,TN,False,unchanged,0.0017276107967376664,0.0017276107967376664,0,1,0,boundary
C:\Users\amit nagar\Projects\oilguard\data\CSIRO\S1SAR_UnBalanced_400by400_Class_1\1\5_200_200_img_vsZYcmzrF0gOJva1_PHI_cls_1.jpg,1,0.66350389,1,0.5239278078079224,1,TP,TP,False,unchanged,-0.13957608219207762,0.13957608219207762,0,0,1,dark_linear
C:\Users\amit nagar\Projects\oilguard\data\CSIRO\S1SAR_UnBalanced_400by400_Class_0\0\1_200_0_img_BdMoueiegcsIivTP_GBR_cls_0.jpg,0,0.78965658,1,0.758674681186676,1,FP,FP,False,unchanged,-0.030981898813324027,0.030981898813324027,0,0,0,absent
C:\Users\amit nagar\Projects\oilguard\data\CSIRO\S1SAR_UnBalanced_400by400_Class_1\1\815_9000_5600_img_d8TPl9ji4wE0KHZ5_SIN_cls_1.jpg,1,0.45685536,0,0.4615193009376526,0,FN,FN,False,unchanged,0.0046639409376526,0.0046639409376526,0,1,0,boundary
C:\Users\amit nagar\Projects\oilguard\data\CSIRO\S1SAR_UnBalanced_400by400_Class_0\0\1020_15800_3800_img_8MaXexfqSo2BBiW3_GIB_cls_0.jpg,0,0.35064536,0,0.31081464886665344,0,TN,TN,False,unchanged,-0.039830711133346575,0.039830711133346575,0,0,0,absent
C:\Users\amit nagar\Projects\oilguard\data\CSIRO\S1SAR_UnBalanced_400by400_Class_0\0\9_12200_0_img_yWLHKKiBWJc9jHxo_SIN_cls_0.jpg,0,0.06657971,0,0.039277199655771255,0,TN,TN,False,unchanged,-0.027302510344228745,0.027302510344228745,1,0,1,white
C:\Users\amit nagar\Projects\oilguard\data\CSIRO\S1SAR_UnBalanced_400by400_Class_0\0\2149_6600_7400_img_hWLxlp1kVGSUTe8r_SIN_cls_0.jpg,0,0.36997437,0,0.3351781666278839,0,TN,TN,False,unchanged,-0.034796203372116086,0.034796203372116086,0,0,0,absent
C:\Users\amit nagar\Projects\oilguard\data\CSIRO\S1SAR_UnBalanced_400by400_Class_0\0\2076_8200_9200_img_QG0VbCzg9XK6gMWA_GBR_cls_0.jpg,0,0.10819498,0,0.06266854703426361,0,TN,TN,False,unchanged,-0.045526432965736385,0.045526432965736385,1,0,0,white
C:\Users\amit nagar\Projects\oilguard\data\CSIRO\S1SAR_UnBalanced_400by400_Class_0\0\1025_10800_9400_img_r8kpAcnoH3k1Ti1n_GBR_cls_0.jpg,0,0.41063389,0,0.3963054120540619,0,TN,TN,False,unchanged,-0.014328477945938112,0.014328477945938112,1,0,0,white
C:\Users\amit nagar\Projects\oilguard\data\CSIRO\S1SAR_UnBalanced_400by400_Class_1\1\4_0_200_img_KXIg34WrPGhH9C19_BOR_cls_1.jpg,1,0.77621007,1,0.6863903403282166,1,TP,TP,False,unchanged,-0.08981972967178342,0.08981972967178342,0,0,0,absent
C:\Users\amit nagar\Projects\oilguard\data\CSIRO\S1SAR_UnBalanced_400by400_Class_0\0\2363_10000_10600_img_k7W9OInj9AbpvnNg_GBR_cls_0.jpg,0,0.45821071,0,0.44960665702819824,0,TN,TN,False,unchanged,-0.008604052971801779,0.008604052971801779,1,0,0,white
C:\Users\amit nagar\Projects\oilguard\data\CSIRO\S1SAR_UnBalanced_400by400_Class_0\0\0_0_0_img_LK8CNrwrkl9LBMNM_SFr_cls_0.jpg,0,0.17142904,0,0.14102992415428162,0,TN,TN,False,unchanged,-0.03039911584571839,0.03039911584571839,1,0,0,white
C:\Users\amit nagar\Projects\oilguard\data\CSIRO\S1SAR_UnBalanced_400by400_Class_1\1\0_0_0_img_Ca5khSRbprzWpUQr_GGu_cls_1.jpg,1,0.83040315,1,0.7992106676101685,1,TP,TP,False,unchanged,-0.031192482389831522,0.031192482389831522,0,0,0,absent
C:\Users\amit nagar\Projects\oilguard\data\CSIRO\S1SAR_UnBalanced_400by400_Class_0\0\969_8600_8600_img_bcbukUUbgTpFsPqZ_GBR_cls_0.jpg,0,0.34747735,0,0.29664045572280884,0,TN,TN,False,unchanged,-0.05083689427719118,0.05083689427719118,1,0,0,white
C:\Users\amit nagar\Projects\oilguard\data\CSIRO\S1SAR_UnBalanced_400by400_Class_1\1\896_3400_9800_img_1NlPm47ezkSXk56Y_SIN_cls_1.jpg,1,0.45784438,0,0.45270517468452454,0,FN,FN,False,unchanged,-0.005139205315475459,0.005139205315475459,0,1,0,boundary
C:\Users\amit nagar\Projects\oilguard\data\CSIRO\S1SAR_UnBalanced_400by400_Class_1\1\2340_5800_8000_img_r9nhERM71s1FKekp_SIN_cls_1.jpg,1,0.37610322,0,0.2897816002368927,0,FN,FN,False,unchanged,-0.08632161976310732,0.08632161976310732,0,0,1,dark_linear
C:\Users\amit nagar\Projects\oilguard\data\CSIRO\S1SAR_UnBalanced_400by400_Class_0\0\1509_9400_7400_img_xhi9ART6uQ4bb7VG_GBR_cls_0.jpg,0,0.45475405,0,0.351279616355896,0,TN,TN,False,unchanged,-0.10347443364410402,0.10347443364410402,0,0,1,dark_linear
C:\Users\amit nagar\Projects\oilguard\data\CSIRO\S1SAR_UnBalanced_400by400_Class_0\0\1592_14600_5200_img_DdXUugnyF3XJTxKW_GIB_cls_0.jpg,0,0.44710246,0,0.44123974442481995,0,TN,TN,False,unchanged,-0.005862715575180033,0.005862715575180033,0,0,0,absent
C:\Users\amit nagar\Projects\oilguard\data\CSIRO\S1SAR_UnBalanced_400by400_Class_0\0\1_200_0_img_BTfHlx13NRb07PLh_BOR_cls_0.jpg,0,0.40500826,0,0.37715500593185425,0,TN,TN,False,unchanged,-0.02785325406814576,0.02785325406814576,0,0,0,absent
C:\Users\amit nagar\Projects\oilguard\data\CSIRO\S1SAR_UnBalanced_400by400_Class_1\1\1188_5400_4600_img_attMenvYbuUcdE63_SIN_cls_1.jpg,1,0.48785117,0,0.4791225492954254,0,FN,FN,False,unchanged,-0.008728620704574586,0.008728620704574586,0,0,0,absent
C:\Users\amit nagar\Projects\oilguard\data\CSIRO\S1SAR_UnBalanced_400by400_Class_1\1\0_0_0_img_F9wQwpxs0AhhH1XI_GBR_cls_1.jpg,1,0.83893448,1,0.7737352848052979,1,TP,TP,False,unchanged,-0.06519919519470219,0.06519919519470219,0,0,0,absent
C:\Users\amit nagar\Projects\oilguard\data\CSIRO\S1SAR_UnBalanced_400by400_Class_0\0\979_15000_6600_img_dx6gbFIKZbfqvMLr_GBR_cls_0.jpg,0,0.35967347,0,0.3674616515636444,0,TN,TN,False,unchanged,0.007788181563644414,0.007788181563644414,1,1,1,white
C:\Users\amit nagar\Projects\oilguard\data\CSIRO\S1SAR_UnBalanced_400by400_Class_0\0\786_7200_7800_img_VZQZeWvLRUq871Yh_GBR_cls_0.jpg,0,0.36671218,0,0.3720189034938812,0,TN,TN,False,unchanged,0.005306723493881227,0.005306723493881227,0,0,0,absent
C:\Users\amit nagar\Projects\oilguard\data\CSIRO\S1SAR_UnBalanced_400by400_Class_1\1\1501_5600_5600_img_MsUKQVOTsZNFsqtT_SIN_cls_1.jpg,1,0.43693802,0,0.43290767073631287,0,FN,FN,False,unchanged,-0.004030349263687116,0.004030349263687116,0,1,0,boundary
C:\Users\amit nagar\Projects\oilguard\data\CSIRO\S1SAR_UnBalanced_400by400_Class_0\0\2_400_0_img_cqPkObTUmX9CQxQS_GBR_cls_0.jpg,0,0.67965513,1,0.7400883436203003,1,FP,FP,False,unchanged,0.0604332136203003,0.0604332136203003,0,0,0,absent
C:\Users\amit nagar\Projects\oilguard\data\CSIRO\S1SAR_UnBalanced_400by400_Class_0\0\2857_9000_11200_img_NgkRiqvlSMUKRxSO_GBR_cls_0.jpg,0,0.31354174,0,0.2576851546764374,0,TN,TN,False,unchanged,-0.055856585323562635,0.055856585323562635,0,0,0,absent
C:\Users\amit nagar\Projects\oilguard\data\CSIRO\S1SAR_UnBalanced_400by400_Class_0\0\256_12200_1800_img_oC7Hdyawt2Sr2o6C_GBR_cls_0.jpg,0,0.17928039,0,0.13179555535316467,0,TN,TN,False,unchanged,-0.04748483464683534,0.04748483464683534,1,0,0,white
C:\Users\amit nagar\Projects\oilguard\data\CSIRO\S1SAR_UnBalanced_400by400_Class_0\0\1604_12200_8800_img_gQ6Ne3AEJo0QWEUn_GBR_cls_0.jpg,0,0.37651747,0,0.34856167435646057,0,TN,TN,False,unchanged,-0.02795579564353945,0.02795579564353945,0,0,0,absent
C:\Users\amit nagar\Projects\oilguard\data\CSIRO\S1SAR_UnBalanced_400by400_Class_0\0\259_13600_3800_img_JPfLIy7V7pyM02Vb_GBR_cls_0.jpg,0,0.15548782,0,0.10252620279788971,0,TN,TN,False,unchanged,-0.05296161720211029,0.05296161720211029,1,0,1,white
C:\Users\amit nagar\Projects\oilguard\data\CSIRO\S1SAR_UnBalanced_400by400_Class_1\1\3_600_0_img_hWGwhOySBiHxGG5P_PHI_cls_1.jpg,1,0.62269014,1,0.4885826110839844,0,TP,FN,True,TP->FN,-0.13410752891601563,0.13410752891601563,0,0,1,dark_linear
C:\Users\amit nagar\Projects\oilguard\data\CSIRO\S1SAR_UnBalanced_400by400_Class_1\1\1_200_0_img_11hRXUG2cQYhYoyy_GBR_cls_1.jpg,1,0.72676086,1,0.6537055969238281,1,TP,TP,False,unchanged,-0.07305526307617183,0.07305526307617183,0,0,0,absent
C:\Users\amit nagar\Projects\oilguard\data\CSIRO\S1SAR_UnBalanced_400by400_Class_0\0\2142_6800_9000_img_XRgZWAtVfFX5lRBP_GBR_cls_0.jpg,0,0.4430137,0,0.3600784242153168,0,TN,TN,False,unchanged,-0.08293527578468324,0.08293527578468324,0,1,0,boundary
C:\Users\amit nagar\Projects\oilguard\data\CSIRO\S1SAR_UnBalanced_400by400_Class_0\0\394_9200_2600_img_fMZZ3dtaHRX2c5qJ_GBR_cls_0.jpg,0,0.05992959,0,0.04002681374549866,0,TN,TN,False,unchanged,-0.01990277625450134,0.01990277625450134,1,0,0,white
C:\Users\amit nagar\Projects\oilguard\data\CSIRO\S1SAR_UnBalanced_400by400_Class_1\1\2006_8200_7200_img_Mfg8NAX6wEQHtIbC_SIN_cls_1.jpg,1,0.4578785,0,0.37685057520866394,0,FN,FN,False,unchanged,-0.08102792479133608,0.08102792479133608,0,0,1,dark_linear
C:\Users\amit nagar\Projects\oilguard\data\CSIRO\S1SAR_UnBalanced_400by400_Class_0\0\1_200_0_img_4ygAPm6XL0qjmI8C_ADR_cls_0.jpg,0,0.38091934,0,0.5049939155578613,1,TN,FP,True,TN->FP,0.12407457555786133,0.12407457555786133,0,0,0,absent
C:\Users\amit nagar\Projects\oilguard\data\CSIRO\S1SAR_UnBalanced_400by400_Class_1\1\2_400_0_img_UERfk6hkc2hgJ8EQ_GGu_cls_1.jpg,1,0.76747358,1,0.78778076171875,1,TP,TP,False,unchanged,0.02030718171875001,0.02030718171875001,0,0,0,absent
C:\Users\amit nagar\Projects\oilguard\data\CSIRO\S1SAR_UnBalanced_400by400_Class_1\1\7_600_200_img_LWoRAbVigFt3KJf3_ADR_cls_1.jpg,1,0.59318691,1,0.6844682097434998,1,TP,TP,False,unchanged,0.09128129974349974,0.09128129974349974,0,0,0,absent
C:\Users\amit nagar\Projects\oilguard\data\CSIRO\S1SAR_UnBalanced_400by400_Class_0\0\1_200_0_img_Ibt1HeAeCRS3JR9l_LUC_cls_0.jpg,0,0.52309597,1,0.3851454555988312,0,FP,TN,True,FP->TN,-0.1379505144011688,0.1379505144011688,0,0,0,absent
C:\Users\amit nagar\Projects\oilguard\data\CSIRO\S1SAR_UnBalanced_400by400_Class_0\0\3_600_0_img_1e471zWYyg8PKGr0_PHI_cls_0.jpg,0,0.60082293,1,0.5345317125320435,1,FP,FP,False,unchanged,-0.06629121746795652,0.06629121746795652,0,0,0,absent
C:\Users\amit nagar\Projects\oilguard\data\CSIRO\S1SAR_UnBalanced_400by400_Class_0\0\1018_9200_4600_img_kYTtAUKSieSNL95k_GBR_cls_0.jpg,0,0.43163303,0,0.4234791100025177,0,TN,TN,False,unchanged,-0.008153919997482273,0.008153919997482273,1,0,0,white
C:\Users\amit nagar\Projects\oilguard\data\CSIRO\S1SAR_UnBalanced_400by400_Class_1\1\1202_10400_6200_img_rBTobz78We261BWP_GBR_cls_1.jpg,1,0.47858346,0,0.4790703356266022,0,FN,FN,False,unchanged,0.0004868756266021568,0.0004868756266021568,0,0,0,absent
C:\Users\amit nagar\Projects\oilguard\data\CSIRO\S1SAR_UnBalanced_400by400_Class_1\1\3_600_0_img_f96xXryZyWV581qS_GBR_cls_1.jpg,1,0.8361876,1,0.7697426080703735,1,TP,TP,False,unchanged,-0.0664449919296265,0.0664449919296265,0,0,0,absent
C:\Users\amit nagar\Projects\oilguard\data\CSIRO\S1SAR_UnBalanced_400by400_Class_0\0\1010_13800_3800_img_yxEvaknt4RXd1OOQ_GIB_cls_0.jpg,0,0.44277492,0,0.4279669225215912,0,TN,TN,False,unchanged,-0.01480799747840883,0.01480799747840883,1,1,0,white
C:\Users\amit nagar\Projects\oilguard\data\CSIRO\S1SAR_UnBalanced_400by400_Class_0\0\1990_9400_11400_img_hknnRjB8CAKlQOwm_GBR_cls_0.jpg,0,0.52908814,1,0.4285176396369934,0,FP,TN,True,FP->TN,-0.10057050036300663,0.10057050036300663,0,0,0,absent
C:\Users\amit nagar\Projects\oilguard\data\CSIRO\S1SAR_UnBalanced_400by400_Class_0\0\1031_1600_5400_img_sXqkA3jm6KgkHKT5_SIN_cls_0.jpg,0,0.20405379,0,0.15444713830947876,0,TN,TN,False,unchanged,-0.04960665169052125,0.04960665169052125,1,1,0,white
C:\Users\amit nagar\Projects\oilguard\data\CSIRO\S1SAR_UnBalanced_400by400_Class_0\0\1977_10000_8600_img_21xQo10IF5Dxzifp_GBR_cls_0.jpg,0,0.24160253,0,0.18316568434238434,0,TN,TN,False,unchanged,-0.05843684565761567,0.05843684565761567,1,0,0,white
C:\Users\amit nagar\Projects\oilguard\data\CSIRO\S1SAR_UnBalanced_400by400_Class_1\1\8_0_400_img_DR6opb1qJgRAK6Za_JAV_cls_1.jpg,1,0.74317205,1,0.7650429010391235,1,TP,TP,False,unchanged,0.021870851039123562,0.021870851039123562,0,0,0,absent
C:\Users\amit nagar\Projects\oilguard\data\CSIRO\S1SAR_UnBalanced_400by400_Class_1\1\2264_3200_7800_img_ROD6Kw3xdhgy2p3a_SIN_cls_1.jpg,1,0.22494395,0,0.18503038585186005,0,FN,FN,False,unchanged,-0.03991356414813996,0.03991356414813996,0,0,1,dark_linear
C:\Users\amit nagar\Projects\oilguard\data\CSIRO\S1SAR_UnBalanced_400by400_Class_1\1\6_400_200_img_EqkLhqaQhx6njPCH_ISR_cls_1.jpg,1,0.49462411,0,0.5525835752487183,1,FN,TP,True,FN->TP,0.057959465248718256,0.057959465248718256,0,1,1,boundary
C:\Users\amit nagar\Projects\oilguard\data\CSIRO\S1SAR_UnBalanced_400by400_Class_1\1\10_400_400_img_TKeOkimPk9VnhgZl_GIB_cls_1.jpg,1,0.40221033,0,0.4602300822734833,0,FN,FN,False,unchanged,0.05801975227348327,0.05801975227348327,0,0,1,dark_linear
C:\Users\amit nagar\Projects\oilguard\data\CSIRO\S1SAR_UnBalanced_400by400_Class_1\1\4_0_200_img_rVRa9Qez2AYh3poi_JAV_cls_1.jpg,1,0.83788407,1,0.7992501854896545,1,TP,TP,False,unchanged,-0.03863388451034544,0.03863388451034544,0,0,0,absent
C:\Users\amit nagar\Projects\oilguard\data\CSIRO\S1SAR_UnBalanced_400by400_Class_0\0\2_400_0_img_0sH5cTJBApOQUHa0_GGu_cls_0.jpg,0,0.81714451,1,0.8041152954101562,1,FP,FP,False,unchanged,-0.01302921458984374,0.01302921458984374,0,0,0,absent
C:\Users\amit nagar\Projects\oilguard\data\CSIRO\S1SAR_UnBalanced_400by400_Class_1\1\1_200_0_img_oAo0xyFOE8fJIeuF_GGu_cls_1.jpg,1,0.7893225,1,0.793634831905365,1,TP,TP,False,unchanged,0.004312331905364952,0.004312331905364952,0,0,0,absent
C:\Users\amit nagar\Projects\oilguard\data\CSIRO\S1SAR_UnBalanced_400by400_Class_0\0\2_400_0_img_myZ6PHeL0CzWPI4C_SFr_cls_0.jpg,0,0.16350025,0,0.1365562081336975,0,TN,TN,False,unchanged,-0.026944041866302504,0.026944041866302504,1,1,0,white
C:\Users\amit nagar\Projects\oilguard\data\CSIRO\S1SAR_UnBalanced_400by400_Class_0\0\1102_15600_4000_img_hgWFD8npss16uEFj_GIB_cls_0.jpg,0,0.40298337,0,0.38888663053512573,0,TN,TN,False,unchanged,-0.014096739464874275,0.014096739464874275,0,1,0,boundary
C:\Users\amit nagar\Projects\oilguard\data\CSIRO\S1SAR_UnBalanced_400by400_Class_0\0\262_14000_3800_img_1xGN2Frk1HpjHEhR_GBR_cls_0.jpg,0,0.12256041,0,0.07526174932718277,0,TN,TN,False,unchanged,-0.047298660672817225,0.047298660672817225,1,0,1,white
C:\Users\amit nagar\Projects\oilguard\data\CSIRO\S1SAR_UnBalanced_400by400_Class_0\0\0_0_0_img_bUkoiXD8gS98q1l7_GBR_cls_0.jpg,0,0.35506657,0,0.318866491317749,0,TN,TN,False,unchanged,-0.036200078682251,0.036200078682251,0,0,1,dark_linear
C:\Users\amit nagar\Projects\oilguard\data\CSIRO\S1SAR_UnBalanced_400by400_Class_0\0\0_0_0_img_s73EJZ2QXkFFpTV4_PHI_cls_0.jpg,0,0.48812911,0,0.49178528785705566,0,TN,TN,False,unchanged,0.003656177857055687,0.003656177857055687,0,0,0,absent
C:\Users\amit nagar\Projects\oilguard\data\CSIRO\S1SAR_UnBalanced_400by400_Class_0\0\1640_12200_8000_img_uHc1GCu9LpUg0Bdo_GBR_cls_0.jpg,0,0.49260351,0,0.48899632692337036,0,TN,TN,False,unchanged,-0.003607183076629661,0.003607183076629661,0,0,0,absent
C:\Users\amit nagar\Projects\oilguard\data\CSIRO\S1SAR_UnBalanced_400by400_Class_1\1\14_400_600_img_zJerYtMyzc11Jo5S_EGY_cls_1.jpg,1,0.48212618,0,0.42652764916419983,0,FN,FN,False,unchanged,-0.055598530835800186,0.055598530835800186,0,0,0,absent
C:\Users\amit nagar\Projects\oilguard\data\CSIRO\S1SAR_UnBalanced_400by400_Class_0\0\0_0_0_img_OWthHhJKtUtc2k0Q_BAH_cls_0.jpg,0,0.34361348,0,0.27630558609962463,0,TN,TN,False,unchanged,-0.06730789390037539,0.06730789390037539,0,0,0,absent
C:\Users\amit nagar\Projects\oilguard\data\CSIRO\S1SAR_UnBalanced_400by400_Class_0\0\1_200_0_img_azrmxwSHPkAmMcGH_SFr_cls_0.jpg,0,0.45544508,0,0.4563281834125519,0,TN,TN,False,unchanged,0.0008831034125518777,0.0008831034125518777,0,0,0,absent
C:\Users\amit nagar\Projects\oilguard\data\CSIRO\S1SAR_UnBalanced_400by400_Class_0\0\1737_8800_8600_img_WLryoq8JiovWVnN1_GBR_cls_0.jpg,0,0.11944576,0,0.07520385831594467,0,TN,TN,False,unchanged,-0.044241901684055326,0.044241901684055326,1,0,1,white
C:\Users\amit nagar\Projects\oilguard\data\CSIRO\S1SAR_UnBalanced_400by400_Class_0\0\116_5600_1000_img_bRNYEBTzlcZiQ3mh_GBR_cls_0.jpg,0,0.44062248,0,0.37279102206230164,0,TN,TN,False,unchanged,-0.06783145793769835,0.06783145793769835,0,0,0,absent
C:\Users\amit nagar\Projects\oilguard\data\CSIRO\S1SAR_UnBalanced_400by400_Class_0\0\1042_4800_4200_img_02krYuRUcyfPRTcZ_GBR_cls_0.jpg,0,0.6634953,1,0.5413234233856201,1,FP,FP,False,unchanged,-0.12217187661437989,0.12217187661437989,0,0,0,absent
C:\Users\amit nagar\Projects\oilguard\data\CSIRO\S1SAR_UnBalanced_400by400_Class_0\0\1858_2400_6600_img_pKhOOxJ2nwbhD2IS_SIN_cls_0.jpg,0,0.29543737,0,0.23447658121585846,0,TN,TN,False,unchanged,-0.06096078878414152,0.06096078878414152,1,0,0,white
C:\Users\amit nagar\Projects\oilguard\data\CSIRO\S1SAR_UnBalanced_400by400_Class_1\1\374_8400_2000_img_237FCEBZiD1DyzGu_SIN_cls_1.jpg,1,0.71057284,1,0.5981698036193848,1,TP,TP,False,unchanged,-0.11240303638061522,0.11240303638061522,0,0,0,absent
C:\Users\amit nagar\Projects\oilguard\data\CSIRO\S1SAR_UnBalanced_400by400_Class_0\0\183_10000_5000_img_0aJvJqdIKSEpop2a_GBR_cls_0.jpg,0,0.70151484,1,0.5430045127868652,1,FP,FP,False,unchanged,-0.15851032721313474,0.15851032721313474,0,1,0,boundary
C:\Users\amit nagar\Projects\oilguard\data\CSIRO\S1SAR_UnBalanced_400by400_Class_0\0\0_0_0_img_2L3xlZpguLf3X_VEN_cls_0.jpg,0,0.53231233,1,0.45747920870780945,0,FP,TN,True,FP->TN,-0.07483312129219055,0.07483312129219055,0,0,0,absent
C:\Users\amit nagar\Projects\oilguard\data\CSIRO\S1SAR_UnBalanced_400by400_Class_1\1\257_7200_5000_img_6Pff6Z8m7NxvJ3IM_THA_cls_1.jpg,1,0.49458513,0,0.4327511787414551,0,FN,FN,False,unchanged,-0.061833951258544906,0.061833951258544906,0,0,0,absent
C:\Users\amit nagar\Projects\oilguard\data\CSIRO\S1SAR_UnBalanced_400by400_Class_1\1\0_0_0_img_CTP7sf0vbf9TYPJ7_BAH_cls_1.jpg,1,0.52340919,1,0.44038811326026917,0,TP,FN,True,TP->FN,-0.0830210767397308,0.0830210767397308,0,0,0,absent
C:\Users\amit nagar\Projects\oilguard\data\CSIRO\S1SAR_UnBalanced_400by400_Class_0\0\948_5200_3800_img_OW7Nq2636qJZYu49_SIN_cls_0.jpg,0,0.42966765,0,0.42959046363830566,0,TN,TN,False,unchanged,-7.7186361694348e-05,7.7186361694348e-05,0,0,0,absent
C:\Users\amit nagar\Projects\oilguard\data\CSIRO\S1SAR_UnBalanced_400by400_Class_0\0\14_400_600_img_N4eE49g4YsXf_VEN_cls_0.jpg,0,0.75599349,1,0.6589816212654114,1,FP,FP,False,unchanged,-0.09701186873458867,0.09701186873458867,0,0,0,absent
C:\Users\amit nagar\Projects\oilguard\data\CSIRO\S1SAR_UnBalanced_400by400_Class_0\0\0_0_0_img_C1aufx8OZUFXqtCD_BOR_cls_0.jpg,0,0.67572594,1,0.5309166312217712,1,FP,FP,False,unchanged,-0.14480930877822873,0.14480930877822873,0,0,0,absent
C:\Users\amit nagar\Projects\oilguard\data\CSIRO\S1SAR_UnBalanced_400by400_Class_1\1\1_200_0_img_V2qCtnM981BL4UmQ_GBR_cls_1.jpg,1,0.80458993,1,0.7316496968269348,1,TP,TP,False,unchanged,-0.0729402331730652,0.0729402331730652,0,0,0,absent
C:\Users\amit nagar\Projects\oilguard\data\CSIRO\S1SAR_UnBalanced_400by400_Class_1\1\1_200_0_img_FDrgkB1sww8X6GKC_JAV_slant74234_6000_5000_img_FDrgkB1sww8X6GKC_JAV_cls_1.jpg,1,0.53714067,1,0.4585062265396118,0,TP,FN,True,TP->FN,-0.07863444346038817,0.07863444346038817,0,0,0,absent
C:\Users\amit nagar\Projects\oilguard\data\CSIRO\S1SAR_UnBalanced_400by400_Class_0\0\0_0_0_img_VDPAzYyASRT4fgCd_GBR_cls_0.jpg,0,0.65165502,1,0.6486079096794128,1,FP,FP,False,unchanged,-0.003047110320587132,0.003047110320587132,0,0,0,absent
C:\Users\amit nagar\Projects\oilguard\data\CSIRO\S1SAR_UnBalanced_400by400_Class_0\0\1267_11200_5400_img_vaFLeU32ZwHmGh79_GBR_cls_0.jpg,0,0.47395119,0,0.3887922465801239,0,TN,TN,False,unchanged,-0.08515894341987612,0.08515894341987612,0,0,0,absent
C:\Users\amit nagar\Projects\oilguard\data\CSIRO\S1SAR_UnBalanced_400by400_Class_0\0\412_8000_6200_img_hRsGVpTNVIWXwlln_GBR_cls_0.jpg,0,0.49209717,0,0.32250428199768066,0,TN,TN,False,unchanged,-0.1695928880023193,0.1695928880023193,0,0,0,absent
C:\Users\amit nagar\Projects\oilguard\data\CSIRO\S1SAR_UnBalanced_400by400_Class_0\0\0_0_0_img_BpW6Qb2bua027Wh9_COR_cls_0.jpg,0,0.36362275,0,0.30970335006713867,0,TN,TN,False,unchanged,-0.05391939993286132,0.05391939993286132,0,0,0,absent
C:\Users\amit nagar\Projects\oilguard\data\CSIRO\S1SAR_UnBalanced_400by400_Class_0\0\1603_7600_6600_img_oUbs59Q0HlSRopLS_GBR_cls_0.jpg,0,0.39859444,0,0.3287466764450073,0,TN,TN,False,unchanged,-0.06984776355499267,0.06984776355499267,0,0,1,dark_linear
C:\Users\amit nagar\Projects\oilguard\data\CSIRO\S1SAR_UnBalanced_400by400_Class_1\1\2_400_0_img_tflF5qTk6MOo9aDD_GBR_cls_1.jpg,1,0.8299613,1,0.7618991732597351,1,TP,TP,False,unchanged,-0.0680621267402649,0.0680621267402649,0,0,0,absent
C:\Users\amit nagar\Projects\oilguard\data\CSIRO\S1SAR_UnBalanced_400by400_Class_1\1\6_400_200_img_smZ01y0wsqiWdFIM_GBR_cls_1.jpg,1,0.82285678,1,0.7467355132102966,1,TP,TP,False,unchanged,-0.07612126678970332,0.07612126678970332,0,0,0,absent
C:\Users\amit nagar\Projects\oilguard\data\CSIRO\S1SAR_UnBalanced_400by400_Class_0\0\0_0_0_img_TvHgGnXTO2eNlBe4_GBR_cls_0.jpg,0,0.74995923,1,0.6560874581336975,1,FP,FP,False,unchanged,-0.09387177186630247,0.09387177186630247,0,0,0,absent
C:\Users\amit nagar\Projects\oilguard\data\CSIRO\S1SAR_UnBalanced_400by400_Class_1\1\3_600_0_img_yAv5QA2uylL0tu0y_GBR_cls_1.jpg,1,0.72929376,1,0.6516647338867188,1,TP,TP,False,unchanged,-0.07762902611328126,0.07762902611328126,0,0,0,absent
C:\Users\amit nagar\Projects\oilguard\data\CSIRO\S1SAR_UnBalanced_400by400_Class_0\0\2_400_0_img_J4wLn8nNVmMMyxUE_ADR_cls_0.jpg,0,0.18143737,0,0.14883965253829956,0,TN,TN,False,unchanged,-0.032597717461700426,0.032597717461700426,1,0,0,white
C:\Users\amit nagar\Projects\oilguard\data\CSIRO\S1SAR_UnBalanced_400by400_Class_1\1\496_14800_2000_img_jPUNlrw07CKIaND0_GBR_cls_1.jpg,1,0.33585557,0,0.2863325774669647,0,FN,FN,False,unchanged,-0.04952299253303527,0.04952299253303527,1,0,0,white
C:\Users\amit nagar\Projects\oilguard\data\CSIRO\S1SAR_UnBalanced_400by400_Class_0\0\1019_12400_4000_img_2A8VePMGEX2nNmAa_GBR_cls_0.jpg,0,0.15445381,0,0.16646701097488403,0,TN,TN,False,unchanged,0.012013200974884036,0.012013200974884036,0,0,0,absent
C:\Users\amit nagar\Projects\oilguard\data\CSIRO\S1SAR_UnBalanced_400by400_Class_0\0\239_6000_1600_img_9N3vZtmNHYTKtTww_GBR_cls_0.jpg,0,0.38406464,0,0.32897311449050903,0,TN,TN,False,unchanged,-0.05509152550949098,0.05509152550949098,0,0,1,dark_linear
C:\Users\amit nagar\Projects\oilguard\data\CSIRO\S1SAR_UnBalanced_400by400_Class_0\0\3079_10800_10600_img_ZQ5mIcItSiPkp2DB_GBR_cls_0.jpg,0,0.58000159,1,0.40236130356788635,0,FP,TN,True,FP->TN,-0.1776402864321136,0.1776402864321136,0,1,0,boundary
C:\Users\amit nagar\Projects\oilguard\data\CSIRO\S1SAR_UnBalanced_400by400_Class_0\0\1795_11200_8400_img_SiTui0qi5lx8gpGU_GBR_cls_0.jpg,0,0.43522552,0,0.42423710227012634,0,TN,TN,False,unchanged,-0.010988417729873634,0.010988417729873634,0,1,0,boundary
C:\Users\amit nagar\Projects\oilguard\data\CSIRO\S1SAR_UnBalanced_400by400_Class_0\0\2_400_0_img_onOGD3cd6E1edc34_MLA_cls_0.jpg,0,0.40198228,0,0.4674195349216461,0,TN,TN,False,unchanged,0.06543725492164609,0.06543725492164609,0,0,0,absent
C:\Users\amit nagar\Projects\oilguard\data\CSIRO\S1SAR_UnBalanced_400by400_Class_1\1\6_400_200_img_0BhD2EQk2wLP6ZF1_GBR_cls_1.jpg,1,0.81283987,1,0.7748926281929016,1,TP,TP,False,unchanged,-0.03794724180709841,0.03794724180709841,0,0,0,absent
C:\Users\amit nagar\Projects\oilguard\data\CSIRO\S1SAR_UnBalanced_400by400_Class_0\0\1560_9600_8600_img_kMmkwIznLurULmXt_GBR_cls_0.jpg,0,0.58242899,1,0.4660547077655792,0,FP,TN,True,FP->TN,-0.11637428223442081,0.11637428223442081,0,1,0,boundary
C:\Users\amit nagar\Projects\oilguard\data\CSIRO\S1SAR_UnBalanced_400by400_Class_1\1\0_0_0_img_bF7eUCIsYNMhmt1k_GBR_cls_1.jpg,1,0.77557892,1,0.766657292842865,1,TP,TP,False,unchanged,-0.00892162715713496,0.00892162715713496,0,0,0,absent
C:\Users\amit nagar\Projects\oilguard\data\CSIRO\S1SAR_UnBalanced_400by400_Class_1\1\6_400_200_img_6Qvfe6q8BgaqZ4Zo_JAV_cls_1.jpg,1,0.81582922,1,0.7425243258476257,1,TP,TP,False,unchanged,-0.07330489415237429,0.07330489415237429,0,0,0,absent
C:\Users\amit nagar\Projects\oilguard\data\CSIRO\S1SAR_UnBalanced_400by400_Class_0\0\2456_6000_10800_img_ckFpWIqGc4d8Knzo_GBR_cls_0.jpg,0,0.34137011,0,0.30122074484825134,0,TN,TN,False,unchanged,-0.04014936515174866,0.04014936515174866,1,1,0,white
C:\Users\amit nagar\Projects\oilguard\data\CSIRO\S1SAR_UnBalanced_400by400_Class_0\0\2080_11600_12000_img_FeVwkiArGrU61HJy_GBR_cls_0.jpg,0,0.42484665,0,0.41646459698677063,0,TN,TN,False,unchanged,-0.008382053013229362,0.008382053013229362,0,1,1,boundary
C:\Users\amit nagar\Projects\oilguard\data\CSIRO\S1SAR_UnBalanced_400by400_Class_1\1\8_0_400_img_pcZIkrVxnbNZIYQY_JAV_cls_1.jpg,1,0.82952416,1,0.7850586771965027,1,TP,TP,False,unchanged,-0.04446548280349727,0.04446548280349727,0,0,0,absent
C:\Users\amit nagar\Projects\oilguard\data\CSIRO\S1SAR_UnBalanced_400by400_Class_0\0\0_0_0_img_uvggppWbAtrqFzqt_SFr_cls_0.jpg,0,0.52509284,1,0.4820541441440582,0,FP,TN,True,FP->TN,-0.04303869585594178,0.04303869585594178,0,0,0,absent
C:\Users\amit nagar\Projects\oilguard\data\CSIRO\S1SAR_UnBalanced_400by400_Class_0\0\229_7000_1600_img_BxDz4pipNwR1eVHz_GBR_cls_0.jpg,0,0.32530436,0,0.2595116198062897,0,TN,TN,False,unchanged,-0.06579274019371034,0.06579274019371034,1,0,0,white
C:\Users\amit nagar\Projects\oilguard\data\CSIRO\S1SAR_UnBalanced_400by400_Class_0\0\1_200_0_img_q0kJ3tAqg4LkL3qI_PHI_cls_0.jpg,0,0.47560787,0,0.4681161642074585,0,TN,TN,False,unchanged,-0.007491705792541492,0.007491705792541492,0,0,0,absent
C:\Users\amit nagar\Projects\oilguard\data\CSIRO\S1SAR_UnBalanced_400by400_Class_1\1\3_600_0_img_Q4kRubz2M5ohU7S2_JAV_cls_1.jpg,1,0.80713034,1,0.798671543598175,1,TP,TP,False,unchanged,-0.008458796401824897,0.008458796401824897,0,0,0,absent
C:\Users\amit nagar\Projects\oilguard\data\CSIRO\S1SAR_UnBalanced_400by400_Class_1\1\0_0_0_img_JpiIZN3pVmaym4T9_JAV_cls_1.jpg,1,0.85206991,1,0.7958993315696716,1,TP,TP,False,unchanged,-0.056170578430328355,0.056170578430328355,0,0,0,absent
C:\Users\amit nagar\Projects\oilguard\data\CSIRO\S1SAR_UnBalanced_400by400_Class_0\0\381_2000_2200_img_QRhU7IDtBjFLiioq_SIN_cls_0.jpg,0,0.39800042,0,0.31651946902275085,0,TN,TN,False,unchanged,-0.08148095097724917,0.08148095097724917,0,1,1,boundary
C:\Users\amit nagar\Projects\oilguard\data\CSIRO\S1SAR_UnBalanced_400by400_Class_1\1\1_200_0_img_UERfk6hkc2hgJ8EQ_GGu_cls_1.jpg,1,0.7564162,1,0.7845901250839233,1,TP,TP,False,unchanged,0.028173925083923357,0.028173925083923357,0,0,0,absent
C:\Users\amit nagar\Projects\oilguard\data\CSIRO\S1SAR_UnBalanced_400by400_Class_0\0\1823_12600_7400_img_4m0i6V30VnKjGcMQ_GBR_cls_0.jpg,0,0.4442842,0,0.36551693081855774,0,TN,TN,False,unchanged,-0.07876726918144228,0.07876726918144228,0,0,0,absent
C:\Users\amit nagar\Projects\oilguard\data\CSIRO\S1SAR_UnBalanced_400by400_Class_1\1\876_6200_3600_img_kLAoUYWMXTAOfaVW_SIN_cls_1.jpg,1,0.45064718,0,0.43839970231056213,0,FN,FN,False,unchanged,-0.012247477689437847,0.012247477689437847,0,1,0,boundary
C:\Users\amit nagar\Projects\oilguard\data\CSIRO\S1SAR_UnBalanced_400by400_Class_0\0\2633_9400_10200_img_QQE6ZC6BwGHzsskR_SIN_cls_0.jpg,0,0.26328534,0,0.2157599776983261,0,TN,TN,False,unchanged,-0.04752536230167387,0.04752536230167387,1,0,0,white
C:\Users\amit nagar\Projects\oilguard\data\CSIRO\S1SAR_UnBalanced_400by400_Class_1\1\2143_3800_7400_img_m6zI6NbCaKTNYLyY_SIN_cls_1.jpg,1,0.34133723,0,0.30251583456993103,0,FN,FN,False,unchanged,-0.03882139543006896,0.03882139543006896,0,0,1,dark_linear
C:\Users\amit nagar\Projects\oilguard\data\CSIRO\S1SAR_UnBalanced_400by400_Class_1\1\6_400_200_img_JhYU3JitCR0jDE5i_JAV_cls_1.jpg,1,0.6460368,1,0.7440842986106873,1,TP,TP,False,unchanged,0.09804749861068729,0.09804749861068729,0,0,0,absent
C:\Users\amit nagar\Projects\oilguard\data\CSIRO\S1SAR_UnBalanced_400by400_Class_1\1\1755_8000_6400_img_U76M7YXf8wSgRxM0_SIN_cls_1.jpg,1,0.64738744,1,0.49585118889808655,0,TP,FN,True,TP->FN,-0.1515362511019135,0.1515362511019135,0,0,0,absent
C:\Users\amit nagar\Projects\oilguard\data\CSIRO\S1SAR_UnBalanced_400by400_Class_0\0\9_200_400_img_8lVp7zn5O66AHFyV_GBR_cls_0.jpg,0,0.8349871,1,0.7807632684707642,1,FP,FP,False,unchanged,-0.05422383152923582,0.05422383152923582,0,0,0,absent
C:\Users\amit nagar\Projects\oilguard\data\CSIRO\S1SAR_UnBalanced_400by400_Class_1\1\1_200_0_img_rVRa9Qez2AYh3poi_JAV_cls_1.jpg,1,0.83262533,1,0.7950254082679749,1,TP,TP,False,unchanged,-0.0375999217320252,0.0375999217320252,0,0,0,absent
C:\Users\amit nagar\Projects\oilguard\data\CSIRO\S1SAR_UnBalanced_400by400_Class_0\0\178_7800_1200_img_DO1WC9IaRNY9coL3_SIN_cls_0.jpg,0,0.14940713,0,0.10426735132932663,0,TN,TN,False,unchanged,-0.04513977867067337,0.04513977867067337,1,0,0,white
C:\Users\amit nagar\Projects\oilguard\data\CSIRO\S1SAR_UnBalanced_400by400_Class_0\0\0_0_0_img_AohEfeAFGi4a7lsR_GBR_cls_0.jpg,0,0.7383399,1,0.6559035778045654,1,FP,FP,False,unchanged,-0.08243632219543462,0.08243632219543462,0,0,0,absent
C:\Users\amit nagar\Projects\oilguard\data\CSIRO\S1SAR_UnBalanced_400by400_Class_0\0\162_8600_1200_img_ZWNWtkmlZgr3phrw_SIN_cls_0.jpg,0,0.43487245,0,0.3538416028022766,0,TN,TN,False,unchanged,-0.08103084719772341,0.08103084719772341,0,0,0,absent
C:\Users\amit nagar\Projects\oilguard\data\CSIRO\S1SAR_UnBalanced_400by400_Class_0\0\2_400_0_img_W3fc8Taq00dL5KPd_SFr_cls_0.jpg,0,0.41672868,0,0.41342657804489136,0,TN,TN,False,unchanged,-0.0033021019551086606,0.0033021019551086606,0,0,0,absent
C:\Users\amit nagar\Projects\oilguard\data\CSIRO\S1SAR_UnBalanced_400by400_Class_1\1\0_0_0_img_R2VWYHSQIBccFcI9_GGu_cls_1.jpg,1,0.7920301,1,0.7964544296264648,1,TP,TP,False,unchanged,0.004424329626464885,0.004424329626464885,0,0,0,absent
C:\Users\amit nagar\Projects\oilguard\data\CSIRO\S1SAR_UnBalanced_400by400_Class_0\0\974_8800_5200_img_LsVDwc6qQhrFKmSA_GBR_cls_0.jpg,0,0.10759247,0,0.06832122057676315,0,TN,TN,False,unchanged,-0.03927124942323684,0.03927124942323684,1,0,0,white
C:\Users\amit nagar\Projects\oilguard\data\CSIRO\S1SAR_UnBalanced_400by400_Class_1\1\749_10000_5200_img_JWDtIJFsA98154gS_SIN_cls_1.jpg,1,0.45568961,0,0.45434853434562683,0,FN,FN,False,unchanged,-0.0013410756543731917,0.0013410756543731917,0,0,0,absent
C:\Users\amit nagar\Projects\oilguard\data\CSIRO\S1SAR_UnBalanced_400by400_Class_1\1\4_0_200_img_JsqRIXAIp1OovUwr_JAV_cls_1.jpg,1,0.82423615,1,0.7508432865142822,1,TP,TP,False,unchanged,-0.07339286348571772,0.07339286348571772,0,0,0,absent
C:\Users\amit nagar\Projects\oilguard\data\CSIRO\S1SAR_UnBalanced_400by400_Class_0\0\2792_7400_9200_img_Rv00gOZamjfK68WQ_GBR_cls_0.jpg,0,0.09594942,0,0.05506081134080887,0,TN,TN,False,unchanged,-0.040888608659191125,0.040888608659191125,1,1,0,white
C:\Users\amit nagar\Projects\oilguard\data\CSIRO\S1SAR_UnBalanced_400by400_Class_0\0\2258_2000_7800_img_hn0g43QK7luUnGjL_SIN_cls_0.jpg,0,0.18996789,0,0.15855053067207336,0,TN,TN,False,unchanged,-0.031417359327926636,0.031417359327926636,0,0,0,absent
C:\Users\amit nagar\Projects\oilguard\data\CSIRO\S1SAR_UnBalanced_400by400_Class_0\0\1_200_0_img_jeORAHZ29Np8n1Ar_BAH_cls_0.jpg,0,0.48266613,0,0.34955817461013794,0,TN,TN,False,unchanged,-0.1331079553898621,0.1331079553898621,0,0,0,absent
C:\Users\amit nagar\Projects\oilguard\data\CSIRO\S1SAR_UnBalanced_400by400_Class_0\0\395_13400_2600_img_SlVrCdHS9LWukDVo_GBR_cls_0.jpg,0,0.36881581,0,0.3165622651576996,0,TN,TN,False,unchanged,-0.05225354484230044,0.05225354484230044,1,1,1,white
C:\Users\amit nagar\Projects\oilguard\data\CSIRO\S1SAR_UnBalanced_400by400_Class_0\0\1068_8800_4000_img_ZmUTBn4AIZrZxpNg_GIB_cls_0.jpg,0,0.61332476,1,0.5019842386245728,1,FP,FP,False,unchanged,-0.11134052137542727,0.11134052137542727,0,1,0,boundary
C:\Users\amit nagar\Projects\oilguard\data\CSIRO\S1SAR_UnBalanced_400by400_Class_0\0\221_9600_5200_img_iatKdB1cQF7j8I5q_GBR_cls_0.jpg,0,0.35861656,0,0.30026331543922424,0,TN,TN,False,unchanged,-0.05835324456077573,0.05835324456077573,1,0,0,white
C:\Users\amit nagar\Projects\oilguard\data\CSIRO\S1SAR_UnBalanced_400by400_Class_0\0\987_13000_6800_img_AH9tKQud2uvoWf3C_GBR_cls_0.jpg,0,0.42933559,0,0.35675764083862305,0,TN,TN,False,unchanged,-0.07257794916137694,0.07257794916137694,0,0,0,absent
C:\Users\amit nagar\Projects\oilguard\data\CSIRO\S1SAR_UnBalanced_400by400_Class_0\0\2_400_0_img_5tsstEHNNzE7duhF_JAV_cls_0.jpg,0,0.8109169,1,0.7940876483917236,1,FP,FP,False,unchanged,-0.01682925160827642,0.01682925160827642,0,0,0,absent
C:\Users\amit nagar\Projects\oilguard\data\CSIRO\S1SAR_UnBalanced_400by400_Class_0\0\1990_10200_11400_img_kx2E5VFACax0cWoa_GBR_cls_0.jpg,0,0.61763698,1,0.44074106216430664,0,FP,TN,True,FP->TN,-0.17689591783569336,0.17689591783569336,0,0,0,absent
C:\Users\amit nagar\Projects\oilguard\data\CSIRO\S1SAR_UnBalanced_400by400_Class_0\0\391_8800_2600_img_VYe4OKftblkKLB8z_GBR_cls_0.jpg,0,0.7295565,1,0.581196129322052,1,FP,FP,False,unchanged,-0.14836037067794805,0.14836037067794805,0,0,0,absent
C:\Users\amit nagar\Projects\oilguard\data\CSIRO\S1SAR_UnBalanced_400by400_Class_1\1\2319_5600_8200_img_tH0oe8P7v8T7Yg3x_SIN_cls_1.jpg,1,0.39662442,0,0.30604100227355957,0,FN,FN,False,unchanged,-0.09058341772644041,0.09058341772644041,0,1,1,boundary
C:\Users\amit nagar\Projects\oilguard\data\CSIRO\S1SAR_UnBalanced_400by400_Class_0\0\15_600_600_img_y5KePPUi3KdEhNbw_BAH_cls_0.jpg,0,0.50215161,1,0.5010760426521301,1,FP,FP,False,unchanged,-0.0010755673478698435,0.0010755673478698435,0,0,0,absent
C:\Users\amit nagar\Projects\oilguard\data\CSIRO\S1SAR_UnBalanced_400by400_Class_1\1\0_0_0_img_jtrnK5fTeQu8LxE7_JAV_cls_1.jpg,1,0.63608336,1,0.5452800393104553,1,TP,TP,False,unchanged,-0.09080332068954466,0.09080332068954466,0,0,0,absent
C:\Users\amit nagar\Projects\oilguard\data\CSIRO\S1SAR_UnBalanced_400by400_Class_1\1\7_600_200_img_eJyIbO7GZZqvvmxC_ADR_cls_1.jpg,1,0.52798063,1,0.4569830894470215,0,TP,FN,True,TP->FN,-0.07099754055297847,0.07099754055297847,0,1,0,boundary
C:\Users\amit nagar\Projects\oilguard\data\CSIRO\S1SAR_UnBalanced_400by400_Class_0\0\849_11800_8400_img_FyvhBlluoEpOVpHj_GBR_cls_0.jpg,0,0.38068116,0,0.3632326126098633,0,TN,TN,False,unchanged,-0.017448547390136737,0.017448547390136737,1,0,0,white
C:\Users\amit nagar\Projects\oilguard\data\CSIRO\S1SAR_UnBalanced_400by400_Class_1\1\3_600_0_img_pMOwg6SZHxuGM1BP_JAV_cls_1.jpg,1,0.83391881,1,0.8023428320884705,1,TP,TP,False,unchanged,-0.03157597791152955,0.03157597791152955,0,0,0,absent
C:\Users\amit nagar\Projects\oilguard\data\CSIRO\S1SAR_UnBalanced_400by400_Class_0\0\2093_5200_8400_img_bMDEHXHLojcredcN_GBR_cls_0.jpg,0,0.17954557,0,0.1666700839996338,0,TN,TN,False,unchanged,-0.012875486000366199,0.012875486000366199,0,1,0,boundary
C:\Users\amit nagar\Projects\oilguard\data\CSIRO\S1SAR_UnBalanced_400by400_Class_0\0\1_200_0_img_pt5uwRigWpTfPQhk_GBR_cls_0.jpg,0,0.83388096,1,0.7649661302566528,1,FP,FP,False,unchanged,-0.06891482974334717,0.06891482974334717,0,0,0,absent
C:\Users\amit nagar\Projects\oilguard\data\CSIRO\S1SAR_UnBalanced_400by400_Class_0\0\1972_7200_7400_img_bmbdMZ2sUwHVFRTr_SIN_cls_0.jpg,0,0.49450526,0,0.4906240701675415,0,TN,TN,False,unchanged,-0.003881189832458498,0.003881189832458498,0,0,0,absent
C:\Users\amit nagar\Projects\oilguard\data\CSIRO\S1SAR_UnBalanced_400by400_Class_0\0\1_200_0_img_AohEfeAFGi4a7lsR_GBR_cls_0.jpg,0,0.73393935,1,0.6600726842880249,1,FP,FP,False,unchanged,-0.07386666571197509,0.07386666571197509,0,0,0,absent
C:\Users\amit nagar\Projects\oilguard\data\CSIRO\S1SAR_UnBalanced_400by400_Class_0\0\0_0_0_img_blz2wCtnCfdCFGHj_PHI_cls_0.jpg,0,0.48519275,0,0.48852771520614624,0,TN,TN,False,unchanged,0.0033349652061462343,0.0033349652061462343,0,0,0,absent
C:\Users\amit nagar\Projects\oilguard\data\CSIRO\S1SAR_UnBalanced_400by400_Class_0\0\1183_2200_6800_img_TkcEkEAHKlnTZOSH_GBR_cls_0.jpg,0,0.33617306,0,0.31571704149246216,0,TN,TN,False,unchanged,-0.020456018507537865,0.020456018507537865,0,0,0,absent
C:\Users\amit nagar\Projects\oilguard\data\CSIRO\S1SAR_UnBalanced_400by400_Class_1\1\0_0_0_img_fLruz7YoMKPt4VGP_JAV_cls_1.jpg,1,0.8327291,1,0.8051113486289978,1,TP,TP,False,unchanged,-0.027617751371002197,0.027617751371002197,0,0,0,absent
C:\Users\amit nagar\Projects\oilguard\data\CSIRO\S1SAR_UnBalanced_400by400_Class_0\0\0_0_0_img_WdQxBNQ9jNtSXgwk_JAV_cls_0.jpg,0,0.50623709,1,0.47947901487350464,0,FP,TN,True,FP->TN,-0.026758075126495307,0.026758075126495307,0,0,0,absent
C:\Users\amit nagar\Projects\oilguard\data\CSIRO\S1SAR_UnBalanced_400by400_Class_0\0\1845_8000_6800_img_PKjv0Z2TCJpJBNBI_GBR_cls_0.jpg,0,0.13590372,0,0.09338126331567764,0,TN,TN,False,unchanged,-0.04252245668432236,0.04252245668432236,1,0,0,white
C:\Users\amit nagar\Projects\oilguard\data\CSIRO\S1SAR_UnBalanced_400by400_Class_0\0\285_11000_2200_img_B2bcLcXKlsCIQSmg_GBR_cls_0.jpg,0,0.08103082,0,0.05468891188502312,0,TN,TN,False,unchanged,-0.026341908114976886,0.026341908114976886,1,0,0,white
C:\Users\amit nagar\Projects\oilguard\data\CSIRO\S1SAR_UnBalanced_400by400_Class_1\1\1047_2200_4200_img_gEDD8h5bhBxth2Ea_SIN_cls_1.jpg,1,0.32742202,0,0.30399489402770996,0,FN,FN,False,unchanged,-0.02342712597229002,0.02342712597229002,0,0,0,absent
C:\Users\amit nagar\Projects\oilguard\data\CSIRO\S1SAR_UnBalanced_400by400_Class_1\1\2252_6800_8400_img_oSkPDJCwfoRYKiNK_SIN_cls_1.jpg,1,0.55459255,1,0.4354262948036194,0,TP,FN,True,TP->FN,-0.11916625519638058,0.11916625519638058,0,1,1,boundary
C:\Users\amit nagar\Projects\oilguard\data\CSIRO\S1SAR_UnBalanced_400by400_Class_1\1\0_0_0_img_Z4mG6q4jsWmxTBgJ_JAV_cls_1.jpg,1,0.85165894,1,0.7977210283279419,1,TP,TP,False,unchanged,-0.05393791167205808,0.05393791167205808,0,0,0,absent
C:\Users\amit nagar\Projects\oilguard\data\CSIRO\S1SAR_UnBalanced_400by400_Class_0\0\0_0_0_img_6sma7MR8EzzV3mXl_CHS_cls_0.jpg,0,0.10394807,0,0.060823358595371246,0,TN,TN,False,unchanged,-0.04312471140462876,0.04312471140462876,1,0,0,white
C:\Users\amit nagar\Projects\oilguard\data\CSIRO\S1SAR_UnBalanced_400by400_Class_0\0\1020_8400_5000_img_RikGNYeNIBAyRYbA_GBR_cls_0.jpg,0,0.09983001,0,0.06561692804098129,0,TN,TN,False,unchanged,-0.034213081959018704,0.034213081959018704,1,0,0,white
C:\Users\amit nagar\Projects\oilguard\data\CSIRO\S1SAR_UnBalanced_400by400_Class_0\0\2412_2800_11400_img_hWApFkJ4HaLjgfPn_GBR_cls_0.jpg,0,0.14378144,0,0.09954071044921875,0,TN,TN,False,unchanged,-0.04424072955078126,0.04424072955078126,1,0,0,white
C:\Users\amit nagar\Projects\oilguard\data\CSIRO\S1SAR_UnBalanced_400by400_Class_1\1\1873_7800_6800_img_rWFHPCNcxPQ5LJ1E_SIN_cls_1.jpg,1,0.66010046,1,0.5356492400169373,1,TP,TP,False,unchanged,-0.12445121998306274,0.12445121998306274,0,0,0,absent
C:\Users\amit nagar\Projects\oilguard\data\CSIRO\S1SAR_UnBalanced_400by400_Class_0\0\1069_8600_4200_img_RVxjuzc4YbaWivnT_GBR_cls_0.jpg,0,0.44632059,0,0.4534565210342407,0,TN,TN,False,unchanged,0.007135931034240706,0.007135931034240706,0,0,0,absent
C:\Users\amit nagar\Projects\oilguard\data\CSIRO\S1SAR_UnBalanced_400by400_Class_1\1\884_5800_4200_img_dcaQTBFZzgKAUy0l_GBR_cls_1.jpg,1,0.64997375,1,0.5109403729438782,1,TP,TP,False,unchanged,-0.13903337705612184,0.13903337705612184,0,0,0,absent
C:\Users\amit nagar\Projects\oilguard\data\CSIRO\S1SAR_UnBalanced_400by400_Class_0\0\1_200_0_img_YdkE4uDmec8vV7yd_LUC_cls_0.jpg,0,0.45386884,0,0.39335110783576965,0,TN,TN,False,unchanged,-0.06051773216423034,0.06051773216423034,0,0,0,absent
C:\Users\amit nagar\Projects\oilguard\data\CSIRO\S1SAR_UnBalanced_400by400_Class_1\1\1_200_0_img_T3uWfgyipoagH3EY_JAV_cls_1.jpg,1,0.84374416,1,0.8026782274246216,1,TP,TP,False,unchanged,-0.04106593257537838,0.04106593257537838,0,0,0,absent
C:\Users\amit nagar\Projects\oilguard\data\CSIRO\S1SAR_UnBalanced_400by400_Class_0\0\495_9000_6600_img_l2K4CuMQMpLOI54g_GBR_cls_0.jpg,0,0.42899939,0,0.40162065625190735,0,TN,TN,False,unchanged,-0.027378733748092632,0.027378733748092632,1,0,0,white
C:\Users\amit nagar\Projects\oilguard\data\CSIRO\S1SAR_UnBalanced_400by400_Class_1\1\3_600_0_img_Qd2TdY5R668n6uSy_PHI_cls_1.jpg,1,0.65466118,1,0.5281795859336853,1,TP,TP,False,unchanged,-0.12648159406631465,0.12648159406631465,0,0,1,dark_linear
C:\Users\amit nagar\Projects\oilguard\data\CSIRO\S1SAR_UnBalanced_400by400_Class_0\0\2362_800_8000_img_UO44Bob0CQbKIV59_GBR_cls_0.jpg,0,0.22703959,0,0.1810874491930008,0,TN,TN,False,unchanged,-0.04595214080699922,0.04595214080699922,0,0,1,dark_linear
C:\Users\amit nagar\Projects\oilguard\data\CSIRO\S1SAR_UnBalanced_400by400_Class_0\0\179_7600_1200_img_TbRxEdYBdZzMTdMM_SIN_cls_0.jpg,0,0.18327978,0,0.12070998549461365,0,TN,TN,False,unchanged,-0.06256979450538636,0.06256979450538636,1,0,0,white
C:\Users\amit nagar\Projects\oilguard\data\CSIRO\S1SAR_UnBalanced_400by400_Class_1\1\2_400_0_img_xuglmQVStKULLmZg_JAV_cls_1.jpg,1,0.83435684,1,0.8015692830085754,1,TP,TP,False,unchanged,-0.03278755699142455,0.03278755699142455,0,0,0,absent
C:\Users\amit nagar\Projects\oilguard\data\CSIRO\S1SAR_UnBalanced_400by400_Class_0\0\2016_1400_7400_img_e8L1y7HOJEcCp3xR_GBR_cls_0.jpg,0,0.47381234,0,0.28803837299346924,0,TN,TN,False,unchanged,-0.18577396700653076,0.18577396700653076,0,1,0,boundary
C:\Users\amit nagar\Projects\oilguard\data\CSIRO\S1SAR_UnBalanced_400by400_Class_0\0\3_600_0_img_BnQrY5XBUEExFNYk_GGu_cls_0.jpg,0,0.82221317,1,0.8052282929420471,1,FP,FP,False,unchanged,-0.01698487705795293,0.01698487705795293,0,0,0,absent
C:\Users\amit nagar\Projects\oilguard\data\CSIRO\S1SAR_UnBalanced_400by400_Class_0\0\1088_5600_5000_img_gaHM6xYdQJHePfZ7_GBR_cls_0.jpg,0,0.38992718,0,0.35980793833732605,0,TN,TN,False,unchanged,-0.030119241662673935,0.030119241662673935,0,1,0,boundary
C:\Users\amit nagar\Projects\oilguard\data\CSIRO\S1SAR_UnBalanced_400by400_Class_1\1\82_2400_800_img_l95V6HYA7rzyc41p_SIN_cls_1.jpg,1,0.24680854,0,0.20656397938728333,0,FN,FN,False,unchanged,-0.04024456061271667,0.04024456061271667,0,0,1,dark_linear
C:\Users\amit nagar\Projects\oilguard\data\CSIRO\S1SAR_UnBalanced_400by400_Class_1\1\4_0_200_img_K5InbHW3BBXHczW5_ADR_cls_1.jpg,1,0.46293238,0,0.5075385570526123,1,FN,TP,True,FN->TP,0.04460617705261233,0.04460617705261233,0,0,1,dark_linear
C:\Users\amit nagar\Projects\oilguard\data\CSIRO\S1SAR_UnBalanced_400by400_Class_1\1\1_200_0_img_qTyH72Tm8clHwa0R_GIB_cls_1.jpg,1,0.30676135,0,0.3716740310192108,0,FN,FN,False,unchanged,0.06491268101921083,0.06491268101921083,0,0,1,dark_linear
C:\Users\amit nagar\Projects\oilguard\data\CSIRO\S1SAR_UnBalanced_400by400_Class_0\0\240_7800_2400_img_mZBdUhvXSocEpOVB_GBR_cls_0.jpg,0,0.38780376,0,0.34015414118766785,0,TN,TN,False,unchanged,-0.04764961881233215,0.04764961881233215,0,0,0,absent
C:\Users\amit nagar\Projects\oilguard\data\CSIRO\S1SAR_UnBalanced_400by400_Class_0\0\0_0_0_img_LRMR66uDT5VPxKVs_GBR_cls_0.jpg,0,0.81183982,1,0.7372217774391174,1,FP,FP,False,unchanged,-0.07461804256088256,0.07461804256088256,0,0,0,absent
C:\Users\amit nagar\Projects\oilguard\data\CSIRO\S1SAR_UnBalanced_400by400_Class_0\0\0_0_0_img_xWFaP0ZJ9hTf4sfZ_GBR_cls_0.jpg,0,0.78580314,1,0.6912990212440491,1,FP,FP,False,unchanged,-0.09450411875595088,0.09450411875595088,0,1,0,boundary
C:\Users\amit nagar\Projects\oilguard\data\CSIRO\S1SAR_UnBalanced_400by400_Class_0\0\1553_6200_5600_img_8X2qc2bLSt1oYhDw_SIN_cls_0.jpg,0,0.48174199,0,0.47013649344444275,0,TN,TN,False,unchanged,-0.01160549655555726,0.01160549655555726,0,0,0,absent
C:\Users\amit nagar\Projects\oilguard\data\CSIRO\S1SAR_UnBalanced_400by400_Class_1\1\2_400_0_img_QRQh1TtfWcJ8xtci_ISR_cls_1.jpg,1,0.67704886,1,0.6585705280303955,1,TP,TP,False,unchanged,-0.018478331969604467,0.018478331969604467,0,0,0,absent
C:\Users\amit nagar\Projects\oilguard\data\CSIRO\S1SAR_UnBalanced_400by400_Class_1\1\7_600_200_img_MFU7Lgop8XJJcBJ4_GBR_cls_1.jpg,1,0.79358059,1,0.7193629741668701,1,TP,TP,False,unchanged,-0.07421761583312991,0.07421761583312991,0,0,0,absent
C:\Users\amit nagar\Projects\oilguard\data\CSIRO\S1SAR_UnBalanced_400by400_Class_0\0\1319_9400_4600_img_yeRc3LqJuHa8LuFi_GIB_cls_0.jpg,0,0.43428144,0,0.43461325764656067,0,TN,TN,False,unchanged,0.0003318176465606504,0.0003318176465606504,0,0,0,absent
C:\Users\amit nagar\Projects\oilguard\data\CSIRO\S1SAR_UnBalanced_400by400_Class_1\1\10_400_400_img_KneeR5gAObv1FHqy_JAV_cls_1.jpg,1,0.76163554,1,0.7839164733886719,1,TP,TP,False,unchanged,0.022280933388671875,0.022280933388671875,0,0,0,absent
C:\Users\amit nagar\Projects\oilguard\data\CSIRO\S1SAR_UnBalanced_400by400_Class_0\0\175_7200_1200_img_UXdiHOzTtEBfdHID_SIN_cls_0.jpg,0,0.45955285,0,0.3325139284133911,0,TN,TN,False,unchanged,-0.1270389215866089,0.1270389215866089,0,1,0,boundary
C:\Users\amit nagar\Projects\oilguard\data\CSIRO\S1SAR_UnBalanced_400by400_Class_0\0\856_8400_6800_img_VdqRQ3ufxqsEkRog_GBR_cls_0.jpg,0,0.30731252,0,0.2953051030635834,0,TN,TN,False,unchanged,-0.012007416936416604,0.012007416936416604,0,0,0,absent
C:\Users\amit nagar\Projects\oilguard\data\CSIRO\S1SAR_UnBalanced_400by400_Class_0\0\236_12000_2000_img_KtZRBfb6WuzuLru9_GBR_cls_0.jpg,0,0.07460222,0,0.04727837070822716,0,TN,TN,False,unchanged,-0.02732384929177284,0.02732384929177284,1,0,1,white
C:\Users\amit nagar\Projects\oilguard\data\CSIRO\S1SAR_UnBalanced_400by400_Class_0\0\15_600_600_img_RrskwAYERmVooBvV_EGY_cls_0.jpg,0,0.50960654,1,0.4777321517467499,0,FP,TN,True,FP->TN,-0.031874388253250174,0.031874388253250174,0,0,0,absent
C:\Users\amit nagar\Projects\oilguard\data\CSIRO\S1SAR_UnBalanced_400by400_Class_0\0\1143_7400_5200_img_DA1ItXhUvAfkEGBC_GBR_cls_0.jpg,0,0.28295308,0,0.23116500675678253,0,TN,TN,False,unchanged,-0.05178807324321749,0.05178807324321749,1,0,0,white
C:\Users\amit nagar\Projects\oilguard\data\CSIRO\S1SAR_UnBalanced_400by400_Class_0\0\2_400_0_img_VqPcJdIIw7BstH53_ADR_cls_0.jpg,0,0.21327068,0,0.18739809095859528,0,TN,TN,False,unchanged,-0.025872589041404714,0.025872589041404714,1,1,0,white
C:\Users\amit nagar\Projects\oilguard\data\CSIRO\S1SAR_UnBalanced_400by400_Class_0\0\1295_11000_5600_img_GUiXvnQzWbchSpZD_GBR_cls_0.jpg,0,0.32357866,0,0.27783873677253723,0,TN,TN,False,unchanged,-0.045739923227462786,0.045739923227462786,1,0,1,white
C:\Users\amit nagar\Projects\oilguard\data\CSIRO\S1SAR_UnBalanced_400by400_Class_1\1\0_0_0_img_0Omqba6y7AE0LCM3_JAV_cls_1.jpg,1,0.7988221,1,0.7883133888244629,1,TP,TP,False,unchanged,-0.010508711175537089,0.010508711175537089,0,0,0,absent
C:\Users\amit nagar\Projects\oilguard\data\CSIRO\S1SAR_UnBalanced_400by400_Class_1\1\6_400_200_img_xrkfAP89obvqSjk7_GBR_cls_1.jpg,1,0.81984317,1,0.751106858253479,1,TP,TP,False,unchanged,-0.06873631174652095,0.06873631174652095,0,0,0,absent
C:\Users\amit nagar\Projects\oilguard\data\CSIRO\S1SAR_UnBalanced_400by400_Class_0\0\2229_8400_7600_img_fOAM5MOhmgivuelx_SIN_cls_0.jpg,0,0.44395924,0,0.4490247070789337,0,TN,TN,False,unchanged,0.005065467078933739,0.005065467078933739,0,1,0,boundary
C:\Users\amit nagar\Projects\oilguard\data\CSIRO\S1SAR_UnBalanced_400by400_Class_0\0\1182_2000_6800_img_Qd9p7UMxLSTQkaTm_GBR_cls_0.jpg,0,0.29830092,0,0.27237668633461,0,TN,TN,False,unchanged,-0.02592423366539004,0.02592423366539004,1,0,0,white
C:\Users\amit nagar\Projects\oilguard\data\CSIRO\S1SAR_UnBalanced_400by400_Class_1\1\2_400_0_img_cU3mBDKibU1RvCy4_JAV_cls_1.jpg,1,0.8140651,1,0.7927656769752502,1,TP,TP,False,unchanged,-0.021299423024749742,0.021299423024749742,0,0,0,absent
C:\Users\amit nagar\Projects\oilguard\data\CSIRO\S1SAR_UnBalanced_400by400_Class_1\1\1899_10600_6600_img_AZMfIVpeEUxS1lS9_SIN_cls_1.jpg,1,0.39486271,0,0.4068695902824402,0,FN,FN,False,unchanged,0.01200688028244018,0.01200688028244018,0,0,0,absent
C:\Users\amit nagar\Projects\oilguard\data\CSIRO\S1SAR_UnBalanced_400by400_Class_0\0\1477_5200_6200_img_ewZKsgrstNxZKCuR_GBR_cls_0.jpg,0,0.4658162,0,0.4061655104160309,0,TN,TN,False,unchanged,-0.05965068958396913,0.05965068958396913,0,0,1,dark_linear
C:\Users\amit nagar\Projects\oilguard\data\CSIRO\S1SAR_UnBalanced_400by400_Class_1\1\286_3400_2800_img_t15E3hUaPRO9ieEa_SIN_cls_1.jpg,1,0.48268878,0,0.4861973524093628,0,FN,FN,False,unchanged,0.003508572409362809,0.003508572409362809,0,0,0,absent
C:\Users\amit nagar\Projects\oilguard\data\CSIRO\S1SAR_UnBalanced_400by400_Class_0\0\238_5800_1600_img_2USzU5emFwsO9WgQ_GBR_cls_0.jpg,0,0.32810763,0,0.2862904369831085,0,TN,TN,False,unchanged,-0.04181719301689146,0.04181719301689146,0,0,1,dark_linear
C:\Users\amit nagar\Projects\oilguard\data\CSIRO\S1SAR_UnBalanced_400by400_Class_0\0\2814_7000_9600_img_amEQfgNeqBAsoBCD_SIN_cls_0.jpg,0,0.13531221,0,0.08914010971784592,0,TN,TN,False,unchanged,-0.04617210028215407,0.04617210028215407,1,0,0,white
C:\Users\amit nagar\Projects\oilguard\data\CSIRO\S1SAR_UnBalanced_400by400_Class_1\1\9_200_400_img_PtHOnO1I3IbASLJR_JAV_cls_1.jpg,1,0.81871927,1,0.7787244915962219,1,TP,TP,False,unchanged,-0.039994778403778075,0.039994778403778075,0,0,0,absent
C:\Users\amit nagar\Projects\oilguard\data\CSIRO\S1SAR_UnBalanced_400by400_Class_1\1\1876_4400_6600_img_zusNYg0oQ9eE2GZo_SIN_cls_1.jpg,1,0.4845936,0,0.4808273911476135,0,FN,FN,False,unchanged,-0.003766208852386488,0.003766208852386488,0,0,0,absent
C:\Users\amit nagar\Projects\oilguard\data\CSIRO\S1SAR_UnBalanced_400by400_Class_0\0\2_400_0_img_cPwoGbsaZvwdLYnR_GBR_cls_0.jpg,0,0.83066297,1,0.7591835856437683,1,FP,FP,False,unchanged,-0.07147938435623169,0.07147938435623169,0,0,0,absent
C:\Users\amit nagar\Projects\oilguard\data\CSIRO\S1SAR_UnBalanced_400by400_Class_0\0\274_14800_4200_img_YwOAy6yeRIFz74a8_GBR_cls_0.jpg,0,0.35320178,0,0.3370811343193054,0,TN,TN,False,unchanged,-0.0161206456806946,0.0161206456806946,1,1,0,white
C:\Users\amit nagar\Projects\oilguard\data\CSIRO\S1SAR_UnBalanced_400by400_Class_0\0\123_6400_1600_img_6nf3VzPwePAWlBYI_GBR_cls_0.jpg,0,0.15195793,0,0.11476001143455505,0,TN,TN,False,unchanged,-0.03719791856544494,0.03719791856544494,1,0,1,white
C:\Users\amit nagar\Projects\oilguard\data\CSIRO\S1SAR_UnBalanced_400by400_Class_0\0\578_7200_7400_img_zGn33eLweaGooICy_GBR_cls_0.jpg,0,0.47998381,0,0.46737349033355713,0,TN,TN,False,unchanged,-0.012610319666442882,0.012610319666442882,0,0,0,absent
C:\Users\amit nagar\Projects\oilguard\data\CSIRO\S1SAR_UnBalanced_400by400_Class_0\0\1239_2200_5200_img_2slaJb8N7Fhrc3Sv_GBR_cls_0.jpg,0,0.22318801,0,0.1745445281267166,0,TN,TN,False,unchanged,-0.04864348187328338,0.04864348187328338,1,0,0,white
C:\Users\amit nagar\Projects\oilguard\data\CSIRO\S1SAR_UnBalanced_400by400_Class_1\1\301_10800_2600_img_ccnaKnSxrRsezpWS_SIN_cls_1.jpg,1,0.58236116,1,0.462255597114563,0,TP,FN,True,TP->FN,-0.12010556288543706,0.12010556288543706,0,0,0,absent
C:\Users\amit nagar\Projects\oilguard\data\CSIRO\S1SAR_UnBalanced_400by400_Class_1\1\2198_7000_8200_img_pMXfk9Snwwp6qHeV_SIN_cls_1.jpg,1,0.48247647,0,0.48362383246421814,0,FN,FN,False,unchanged,0.001147362464218149,0.001147362464218149,0,0,0,absent
C:\Users\amit nagar\Projects\oilguard\data\CSIRO\S1SAR_UnBalanced_400by400_Class_1\1\288_3800_2800_img_lAT5fzns60iJ0lLs_SIN_cls_1.jpg,1,0.48768219,0,0.484883576631546,0,FN,FN,False,unchanged,-0.002798613368453995,0.002798613368453995,0,0,0,absent
C:\Users\amit nagar\Projects\oilguard\data\CSIRO\S1SAR_UnBalanced_400by400_Class_0\0\339_13800_3800_img_rnWmTKyBF7zabkrd_GBR_cls_0.jpg,0,0.28916273,0,0.26281213760375977,0,TN,TN,False,unchanged,-0.026350592396240213,0.026350592396240213,0,0,0,absent
C:\Users\amit nagar\Projects\oilguard\data\CSIRO\S1SAR_UnBalanced_400by400_Class_0\0\830_15400_5200_img_SoMbxQAWDtkEkLgp_GBR_cls_0.jpg,0,0.19904153,0,0.18246090412139893,0,TN,TN,False,unchanged,-0.01658062587860107,0.01658062587860107,1,0,1,white
C:\Users\amit nagar\Projects\oilguard\data\CSIRO\S1SAR_UnBalanced_400by400_Class_1\1\5_200_200_img_2GxfQi5pDlJxiVuB_ISR_cls_1.jpg,1,0.81564867,1,0.7333791851997375,1,TP,TP,False,unchanged,-0.08226948480026242,0.08226948480026242,0,0,0,absent
C:\Users\amit nagar\Projects\oilguard\data\CSIRO\S1SAR_UnBalanced_400by400_Class_0\0\688_5800_3000_img_XShGJIYLr77Qioj1_SIN_cls_0.jpg,0,0.35363269,0,0.24676091969013214,0,TN,TN,False,unchanged,-0.10687177030986789,0.10687177030986789,0,0,0,absent
C:\Users\amit nagar\Projects\oilguard\data\CSIRO\S1SAR_UnBalanced_400by400_Class_1\1\10_400_400_img_XkHWXB8CElvNQsYq_GBR_cls_1.jpg,1,0.78492206,1,0.7618116140365601,1,TP,TP,False,unchanged,-0.02311044596343992,0.02311044596343992,0,0,0,absent
C:\Users\amit nagar\Projects\oilguard\data\CSIRO\S1SAR_UnBalanced_400by400_Class_1\1\100_5800_800_img_BHCt1HYYwA5Gfia0_SIN_cls_1.jpg,1,0.14871204,0,0.09548895061016083,0,FN,FN,False,unchanged,-0.05322308938983916,0.05322308938983916,1,0,1,white
C:\Users\amit nagar\Projects\oilguard\data\CSIRO\S1SAR_UnBalanced_400by400_Class_0\0\0_0_0_img_FjRu58w3yBuIGxWa_SFr_cls_0.jpg,0,0.19113562,0,0.2029014378786087,0,TN,TN,False,unchanged,0.011765817878608698,0.011765817878608698,0,0,0,absent
C:\Users\amit nagar\Projects\oilguard\data\CSIRO\S1SAR_UnBalanced_400by400_Class_0\0\3_600_0_img_ilyITlX1OpBrumh1_ISR_cls_0.jpg,0,0.47866818,0,0.4728359580039978,0,TN,TN,False,unchanged,-0.005832221996002196,0.005832221996002196,0,0,0,absent
C:\Users\amit nagar\Projects\oilguard\data\CSIRO\S1SAR_UnBalanced_400by400_Class_0\0\2873_5000_10000_img_TNO3csS0KNXiHzT6_SIN_cls_0.jpg,0,0.27613261,0,0.22220878303050995,0,TN,TN,False,unchanged,-0.05392382696949005,0.05392382696949005,1,0,0,white
C:\Users\amit nagar\Projects\oilguard\data\CSIRO\S1SAR_UnBalanced_400by400_Class_0\0\1_200_0_img_zxC2jGdoiWmy1LGf_NOR_cls_0.jpg,0,0.23398152,0,0.24319875240325928,0,TN,TN,False,unchanged,0.009217232403259279,0.009217232403259279,0,0,0,absent
C:\Users\amit nagar\Projects\oilguard\data\CSIRO\S1SAR_UnBalanced_400by400_Class_0\0\0_0_0_img_n50nt46WQ0TYpXCn_GBR_cls_0.jpg,0,0.82595712,1,0.7651042342185974,1,FP,FP,False,unchanged,-0.06085288578140258,0.06085288578140258,0,0,0,absent
C:\Users\amit nagar\Projects\oilguard\data\CSIRO\S1SAR_UnBalanced_400by400_Class_0\0\1530_3200_8000_img_0hUPUcZvlQAM8TmM_GBR_cls_0.jpg,0,0.18069036,0,0.13822925090789795,0,TN,TN,False,unchanged,-0.042461109092102045,0.042461109092102045,1,0,0,white
C:\Users\amit nagar\Projects\oilguard\data\CSIRO\S1SAR_UnBalanced_400by400_Class_0\0\791_7800_3400_img_g8CydHYrOPU5AKdR_GBR_cls_0.jpg,0,0.47336665,0,0.4021453857421875,0,TN,TN,False,unchanged,-0.0712212642578125,0.0712212642578125,0,0,0,absent
C:\Users\amit nagar\Projects\oilguard\data\CSIRO\S1SAR_UnBalanced_400by400_Class_0\0\462_9200_2400_img_Oihg6Q1p7ccM2EQN_GBR_cls_0.jpg,0,0.33303806,0,0.26144662499427795,0,TN,TN,False,unchanged,-0.07159143500572207,0.07159143500572207,0,0,0,absent
C:\Users\amit nagar\Projects\oilguard\data\CSIRO\S1SAR_UnBalanced_400by400_Class_0\0\654_14200_7200_img_QnbHBeSTgrdtoYBM_GBR_cls_0.jpg,0,0.37984419,0,0.3751078248023987,0,TN,TN,False,unchanged,-0.004736365197601344,0.004736365197601344,0,0,0,absent
C:\Users\amit nagar\Projects\oilguard\data\CSIRO\S1SAR_UnBalanced_400by400_Class_1\1\1714_4800_7200_img_d0aLR6qG1qjrEVu6_GBR_cls_1.jpg,1,0.35723114,0,0.3530805706977844,0,FN,FN,False,unchanged,-0.004150569302215579,0.004150569302215579,1,0,1,white
C:\Users\amit nagar\Projects\oilguard\data\CSIRO\S1SAR_UnBalanced_400by400_Class_0\0\1711_5400_7000_img_xM5qRjKg7FQuiSnB_GBR_cls_0.jpg,0,0.49572963,0,0.3422705829143524,0,TN,TN,False,unchanged,-0.15345904708564756,0.15345904708564756,0,1,0,boundary
C:\Users\amit nagar\Projects\oilguard\data\CSIRO\S1SAR_UnBalanced_400by400_Class_0\0\1104_13800_8400_img_jykpf40XgGZsaoVR_GBR_cls_0.jpg,0,0.30623627,0,0.2520788311958313,0,TN,TN,False,unchanged,-0.05415743880416868,0.05415743880416868,1,0,0,white
C:\Users\amit nagar\Projects\oilguard\data\CSIRO\S1SAR_UnBalanced_400by400_Class_0\0\2323_6400_9200_img_MU9Yqxa44lNxNk5E_GBR_cls_0.jpg,0,0.56286955,1,0.4141145646572113,0,FP,TN,True,FP->TN,-0.14875498534278875,0.14875498534278875,0,0,0,absent
C:\Users\amit nagar\Projects\oilguard\data\CSIRO\S1SAR_UnBalanced_400by400_Class_1\1\711_10000_6200_img_nlvpFjJ2My6MZRsL_GBR_cls_1.jpg,1,0.48629579,0,0.42513757944107056,0,FN,FN,False,unchanged,-0.06115821055892945,0.06115821055892945,0,1,0,boundary
C:\Users\amit nagar\Projects\oilguard\data\CSIRO\S1SAR_UnBalanced_400by400_Class_1\1\581_9800_4200_img_sCbbDTMpZYtpdkdD_SIN_cls_1.jpg,1,0.41840973,0,0.4215390980243683,0,FN,FN,False,unchanged,0.0031293680243683064,0.0031293680243683064,0,0,0,absent
C:\Users\amit nagar\Projects\oilguard\data\CSIRO\S1SAR_UnBalanced_400by400_Class_0\0\0_0_0_img_3rkzxPEPJp6rWRmt_MLA_cls_0.jpg,0,0.44456363,0,0.4460614323616028,0,TN,TN,False,unchanged,0.0014978023616027958,0.0014978023616027958,0,0,0,absent
C:\Users\amit nagar\Projects\oilguard\data\CSIRO\S1SAR_UnBalanced_400by400_Class_0\0\2_400_0_img_8ujB6XZe9MsaGlR1_JAV_cls_0.jpg,0,0.80906862,1,0.7973891496658325,1,FP,FP,False,unchanged,-0.011679470334167497,0.011679470334167497,0,0,0,absent
C:\Users\amit nagar\Projects\oilguard\data\CSIRO\S1SAR_UnBalanced_400by400_Class_1\1\244_5600_1600_img_AshQEpumrtfcCZQu_SIN_cls_1.jpg,1,0.59056705,1,0.4543479382991791,0,TP,FN,True,TP->FN,-0.1362191117008209,0.1362191117008209,0,0,1,dark_linear
C:\Users\amit nagar\Projects\oilguard\data\CSIRO\S1SAR_UnBalanced_400by400_Class_0\0\11_600_400_img_fXLHUgyhyAUd_VEN_cls_0.jpg,0,0.75956398,1,0.6645222902297974,1,FP,FP,False,unchanged,-0.09504168977020266,0.09504168977020266,0,0,0,absent
C:\Users\amit nagar\Projects\oilguard\data\CSIRO\S1SAR_UnBalanced_400by400_Class_0\0\439_6600_6400_img_IlhQV3vKNPAvgmvf_GBR_cls_0.jpg,0,0.44302651,0,0.41964051127433777,0,TN,TN,False,unchanged,-0.023385998725662216,0.023385998725662216,1,1,0,white
C:\Users\amit nagar\Projects\oilguard\data\CSIRO\S1SAR_UnBalanced_400by400_Class_0\0\2413_10000_10800_img_DMxFeQhtCMazwR58_GBR_cls_0.jpg,0,0.38188958,0,0.36020299792289734,0,TN,TN,False,unchanged,-0.021686582077102667,0.021686582077102667,1,0,0,white
C:\Users\amit nagar\Projects\oilguard\data\CSIRO\S1SAR_UnBalanced_400by400_Class_0\0\2440_6400_8200_img_sznuormFO9Ce6Ywb_GBR_cls_0.jpg,0,0.44835436,0,0.4342687129974365,0,TN,TN,False,unchanged,-0.014085647002563484,0.014085647002563484,0,0,0,absent
C:\Users\amit nagar\Projects\oilguard\data\CSIRO\S1SAR_UnBalanced_400by400_Class_1\1\5_200_200_img_0sH5cTJBApOQUHa0_GGu_cls_1.jpg,1,0.78964984,1,0.7944986820220947,1,TP,TP,False,unchanged,0.004848842022094679,0.004848842022094679,0,0,0,absent
C:\Users\amit nagar\Projects\oilguard\data\CSIRO\S1SAR_UnBalanced_400by400_Class_0\0\1064_9800_6000_img_FqcXFnZtwzxBirLz_GBR_cls_0.jpg,0,0.21116838,0,0.18612763285636902,0,TN,TN,False,unchanged,-0.02504074714363097,0.02504074714363097,0,0,0,absent
C:\Users\amit nagar\Projects\oilguard\data\CSIRO\S1SAR_UnBalanced_400by400_Class_1\1\7_600_200_img_UyIhM78AXFRO3CiB_PHI_cls_1.jpg,1,0.61540645,1,0.5180081129074097,1,TP,TP,False,unchanged,-0.09739833709259038,0.09739833709259038,0,0,1,dark_linear
C:\Users\amit nagar\Projects\oilguard\data\CSIRO\S1SAR_UnBalanced_400by400_Class_1\1\1488_5600_6600_img_remt4wSeBrESFomk_GBR_cls_1.jpg,1,0.07836366,0,0.05000591278076172,0,FN,FN,False,unchanged,-0.028357747219238283,0.028357747219238283,1,0,0,white
C:\Users\amit nagar\Projects\oilguard\data\CSIRO\S1SAR_UnBalanced_400by400_Class_0\0\1229_8800_5800_img_Y6lmEsHNxSHcZfDD_GBR_cls_0.jpg,0,0.39340192,0,0.3730628788471222,0,TN,TN,False,unchanged,-0.020339041152877824,0.020339041152877824,0,0,0,absent
C:\Users\amit nagar\Projects\oilguard\data\CSIRO\S1SAR_UnBalanced_400by400_Class_1\1\1_200_0_img_BTVaT4Uxop7F9Jmk_JAV_cls_1.jpg,1,0.85015625,1,0.803076446056366,1,TP,TP,False,unchanged,-0.04707980394363398,0.04707980394363398,0,0,0,absent
C:\Users\amit nagar\Projects\oilguard\data\CSIRO\S1SAR_UnBalanced_400by400_Class_1\1\2385_5800_8400_img_mtKlrFfS0zvg8ljD_SIN_cls_1.jpg,1,0.37713355,0,0.28702592849731445,0,FN,FN,False,unchanged,-0.09010762150268553,0.09010762150268553,0,1,1,boundary
C:\Users\amit nagar\Projects\oilguard\data\CSIRO\S1SAR_UnBalanced_400by400_Class_0\0\965_10400_4200_img_DSj56f3qqqhteUID_GBR_cls_0.jpg,0,0.46117514,0,0.4314962327480316,0,TN,TN,False,unchanged,-0.029678907251968367,0.029678907251968367,0,0,0,absent
C:\Users\amit nagar\Projects\oilguard\data\CSIRO\S1SAR_UnBalanced_400by400_Class_0\0\1804_6800_6400_img_C4o9vlbZOfM5ktTZ_GBR_cls_0.jpg,0,0.65783799,1,0.5064267516136169,1,FP,FP,False,unchanged,-0.15141123838638304,0.15141123838638304,0,0,0,absent
C:\Users\amit nagar\Projects\oilguard\data\CSIRO\S1SAR_UnBalanced_400by400_Class_1\1\252_4400_2400_img_k8YrSvLFc419p83J_GBR_cls_1.jpg,1,0.54968578,1,0.40190017223358154,0,TP,FN,True,TP->FN,-0.14778560776641847,0.14778560776641847,0,0,0,absent
C:\Users\amit nagar\Projects\oilguard\data\CSIRO\S1SAR_UnBalanced_400by400_Class_0\0\1_200_0_img_IdWPjAQlFfHI8jhG_EGY_cls_0.jpg,0,0.51087314,1,0.5538238286972046,1,FP,FP,False,unchanged,0.04295068869720464,0.04295068869720464,0,0,0,absent
C:\Users\amit nagar\Projects\oilguard\data\CSIRO\S1SAR_UnBalanced_400by400_Class_0\0\2209_6200_8800_img_bCypguBHeZZoAEdV_GBR_cls_0.jpg,0,0.33106327,0,0.27261945605278015,0,TN,TN,False,unchanged,-0.05844381394721987,0.05844381394721987,0,0,0,absent
C:\Users\amit nagar\Projects\oilguard\data\CSIRO\S1SAR_UnBalanced_400by400_Class_1\1\114_2400_1000_img_xZeV9BeUPMEuN8vr_SIN_cls_1.jpg,1,0.26029363,0,0.2194438874721527,0,FN,FN,False,unchanged,-0.04084974252784729,0.04084974252784729,0,0,1,dark_linear
C:\Users\amit nagar\Projects\oilguard\data\CSIRO\S1SAR_UnBalanced_400by400_Class_0\0\2_400_0_img_REG4dVTDMzPFVaRd_PHI_cls_0.jpg,0,0.40009025,0,0.31613296270370483,0,TN,TN,False,unchanged,-0.08395728729629515,0.08395728729629515,0,1,0,boundary
C:\Users\amit nagar\Projects\oilguard\data\CSIRO\S1SAR_UnBalanced_400by400_Class_1\1\5_200_200_img_fLruz7YoMKPt4VGP_JAV_cls_1.jpg,1,0.82348031,1,0.8004775643348694,1,TP,TP,False,unchanged,-0.02300274566513061,0.02300274566513061,0,0,0,absent
C:\Users\amit nagar\Projects\oilguard\data\CSIRO\S1SAR_UnBalanced_400by400_Class_0\0\0_0_0_img_PipLDv2NIpm78tGq_JAV_cls_0.jpg,0,0.81311393,1,0.7932030558586121,1,FP,FP,False,unchanged,-0.019910874141387924,0.019910874141387924,0,0,0,absent
C:\Users\amit nagar\Projects\oilguard\data\CSIRO\S1SAR_UnBalanced_400by400_Class_0\0\0_0_0_img_svyHGSHqIc0sk3P6_BAH_cls_0.jpg,0,0.33990124,0,0.2691670358181,0,TN,TN,False,unchanged,-0.07073420418190002,0.07073420418190002,1,0,0,white
C:\Users\amit nagar\Projects\oilguard\data\CSIRO\S1SAR_UnBalanced_400by400_Class_0\0\445_12800_5600_img_mOhhWAjLiP6kho1i_GBR_cls_0.jpg,0,0.47162727,0,0.4690280556678772,0,TN,TN,False,unchanged,-0.00259921433212279,0.00259921433212279,0,0,0,absent
C:\Users\amit nagar\Projects\oilguard\data\CSIRO\S1SAR_UnBalanced_400by400_Class_1\1\943_4200_3800_img_AopbcrhuFlpXrnER_SIN_cls_1.jpg,1,0.42701608,0,0.42572689056396484,0,FN,FN,False,unchanged,-0.0012891894360351763,0.0012891894360351763,0,0,0,absent
C:\Users\amit nagar\Projects\oilguard\data\CSIRO\S1SAR_UnBalanced_400by400_Class_0\0\617_13800_2800_img_HmsRDR80uBTMqoQe_GBR_cls_0.jpg,0,0.13040552,0,0.08589622378349304,0,TN,TN,False,unchanged,-0.044509296216506955,0.044509296216506955,1,0,0,white
C:\Users\amit nagar\Projects\oilguard\data\CSIRO\S1SAR_UnBalanced_400by400_Class_1\1\0_0_0_img_Xji3Bl7wVeFjOVai_GBR_cls_1.jpg,1,0.66723341,1,0.6127504110336304,1,TP,TP,False,unchanged,-0.054482998966369656,0.054482998966369656,0,0,0,absent
C:\Users\amit nagar\Projects\oilguard\data\CSIRO\S1SAR_UnBalanced_400by400_Class_0\0\1_200_0_img_CpRJrb5ApoxdJYMx_GBR_cls_0.jpg,0,0.81478298,1,0.7400833964347839,1,FP,FP,False,unchanged,-0.07469958356521611,0.07469958356521611,0,0,0,absent
C:\Users\amit nagar\Projects\oilguard\data\CSIRO\S1SAR_UnBalanced_400by400_Class_0\0\444_9200_2800_img_E7k5l0nyhGRqyWPC_GBR_cls_0.jpg,0,0.33239615,0,0.2746845483779907,0,TN,TN,False,unchanged,-0.05771160162200928,0.05771160162200928,1,1,0,white
C:\Users\amit nagar\Projects\oilguard\data\CSIRO\S1SAR_UnBalanced_400by400_Class_0\0\2636_11800_8800_img_e4mW791VJera3xpg_SIN_cls_0.jpg,0,0.06389457,0,0.03810616210103035,0,TN,TN,False,unchanged,-0.025788407898969648,0.025788407898969648,1,0,1,white
C:\Users\amit nagar\Projects\oilguard\data\CSIRO\S1SAR_UnBalanced_400by400_Class_0\0\2326_8400_9200_img_SAVt66c7fuTyTnXR_GBR_cls_0.jpg,0,0.32801288,0,0.26964548230171204,0,TN,TN,False,unchanged,-0.05836739769828797,0.05836739769828797,0,0,0,absent
C:\Users\amit nagar\Projects\oilguard\data\CSIRO\S1SAR_UnBalanced_400by400_Class_1\1\4_0_200_img_1nb7rUyqBdfrYHhn_JAV_cls_1.jpg,1,0.79050857,1,0.7582611441612244,1,TP,TP,False,unchanged,-0.0322474258387756,0.0322474258387756,0,1,0,boundary
C:\Users\amit nagar\Projects\oilguard\data\CSIRO\S1SAR_UnBalanced_400by400_Class_1\1\1831_10400_6400_img_begdxypWTMBkyyL1_SIN_cls_1.jpg,1,0.34757549,0,0.3739490807056427,0,FN,FN,False,unchanged,0.026373590705642713,0.026373590705642713,0,0,1,dark_linear
C:\Users\amit nagar\Projects\oilguard\data\CSIRO\S1SAR_UnBalanced_400by400_Class_0\0\1954_16200_6200_img_1apQkfwcXP6DjwF9_GIB_cls_0.jpg,0,0.35474342,0,0.30804893374443054,0,TN,TN,False,unchanged,-0.046694486255569434,0.046694486255569434,1,1,0,white
C:\Users\amit nagar\Projects\oilguard\data\CSIRO\S1SAR_UnBalanced_400by400_Class_0\0\2467_4400_8000_img_rEbB95E05GWCIQvD_GIB_cls_0.jpg,0,0.63608187,1,0.4558812975883484,0,FP,TN,True,FP->TN,-0.18020057241165166,0.18020057241165166,0,0,0,absent
C:\Users\amit nagar\Projects\oilguard\data\CSIRO\S1SAR_UnBalanced_400by400_Class_0\0\132_12600_2600_img_fIZO9JzMtlLpsfmv_GBR_cls_0.jpg,0,0.37032723,0,0.33671727776527405,0,TN,TN,False,unchanged,-0.03360995223472596,0.03360995223472596,1,0,0,white
C:\Users\amit nagar\Projects\oilguard\data\CSIRO\S1SAR_UnBalanced_400by400_Class_0\0\0_0_0_img_ag4DPXeHyKpPcqPg_GBR_cls_0.jpg,0,0.78325635,1,0.7032420039176941,1,FP,FP,False,unchanged,-0.08001434608230595,0.08001434608230595,0,0,0,absent
C:\Users\amit nagar\Projects\oilguard\data\CSIRO\S1SAR_UnBalanced_400by400_Class_0\0\6_400_200_img_1eNBAJLLbEp9_VEN_cls_0.jpg,0,0.74103642,1,0.6551939249038696,1,FP,FP,False,unchanged,-0.0858424950961304,0.0858424950961304,0,0,0,absent
C:\Users\amit nagar\Projects\oilguard\data\CSIRO\S1SAR_UnBalanced_400by400_Class_0\0\1433_1000_5400_img_1wnvb4VyGgmzwChj_GBR_cls_0.jpg,0,0.69503301,1,0.5330541133880615,1,FP,FP,False,unchanged,-0.16197889661193843,0.16197889661193843,0,0,0,absent
C:\Users\amit nagar\Projects\oilguard\data\CSIRO\S1SAR_UnBalanced_400by400_Class_1\1\85_8600_800_img_J5H0DemEIRe1ECm4_SIN_cls_1.jpg,1,0.2412349,0,0.17842072248458862,0,FN,FN,False,unchanged,-0.06281417751541138,0.06281417751541138,0,1,0,boundary
C:\Users\amit nagar\Projects\oilguard\data\CSIRO\S1SAR_UnBalanced_400by400_Class_0\0\524_1800_3200_img_o38Nsj8NUVOlruhr_GBR_cls_0.jpg,0,0.28948623,0,0.23384705185890198,0,TN,TN,False,unchanged,-0.055639178141098034,0.055639178141098034,0,0,1,dark_linear
C:\Users\amit nagar\Projects\oilguard\data\CSIRO\S1SAR_UnBalanced_400by400_Class_0\0\1176_13800_4200_img_kCHUEDy1Hqbk311w_GIB_cls_0.jpg,0,0.4608185,0,0.45418137311935425,0,TN,TN,False,unchanged,-0.006637126880645772,0.006637126880645772,0,0,0,absent
C:\Users\amit nagar\Projects\oilguard\data\CSIRO\S1SAR_UnBalanced_400by400_Class_0\0\7_600_200_img_yypoVwlHZPchMcLa_GBR_cls_0.jpg,0,0.81185478,1,0.7339089512825012,1,FP,FP,False,unchanged,-0.07794582871749878,0.07794582871749878,0,0,0,absent
C:\Users\amit nagar\Projects\oilguard\data\CSIRO\S1SAR_UnBalanced_400by400_Class_1\1\0_0_0_img_yI8Brp3pDkOL4YwJ_JAV_cls_1.jpg,1,0.83248883,1,0.7633303999900818,1,TP,TP,False,unchanged,-0.06915843000991817,0.06915843000991817,0,0,0,absent
C:\Users\amit nagar\Projects\oilguard\data\CSIRO\S1SAR_UnBalanced_400by400_Class_1\1\1_200_0_img_SyumdaQ4btQAYZqS_JAV_cls_1.jpg,1,0.79252303,1,0.7089626789093018,1,TP,TP,False,unchanged,-0.08356035109069826,0.08356035109069826,0,0,0,absent
C:\Users\amit nagar\Projects\oilguard\data\CSIRO\S1SAR_UnBalanced_400by400_Class_0\0\1810_9600_6800_img_NjIK6h8LGzFTFVRo_SIN_cls_0.jpg,0,0.47200209,0,0.46591469645500183,0,TN,TN,False,unchanged,-0.006087393544998154,0.006087393544998154,0,0,0,absent
C:\Users\amit nagar\Projects\oilguard\data\CSIRO\S1SAR_UnBalanced_400by400_Class_0\0\8_0_400_img_hb8T4hclPmvAUL7s_GBR_cls_0.jpg,0,0.82127112,1,0.7452561259269714,1,FP,FP,False,unchanged,-0.07601499407302859,0.07601499407302859,0,0,0,absent
C:\Users\amit nagar\Projects\oilguard\data\CSIRO\S1SAR_UnBalanced_400by400_Class_0\0\170_9000_2800_img_ZmVTyOkSQ3OK6UGI_GBR_cls_0.jpg,0,0.13676947,0,0.09025182574987411,0,TN,TN,False,unchanged,-0.04651764425012589,0.04651764425012589,1,1,0,white
C:\Users\amit nagar\Projects\oilguard\data\CSIRO\S1SAR_UnBalanced_400by400_Class_1\1\4_0_200_img_H0HcBAzCoLADanF9_EGY_cls_1.jpg,1,0.2331447,0,0.1872977763414383,0,FN,FN,False,unchanged,-0.04584692365856172,0.04584692365856172,1,0,0,white
C:\Users\amit nagar\Projects\oilguard\data\CSIRO\S1SAR_UnBalanced_400by400_Class_0\0\2140_10200_10600_img_ICEv8KnwB21U1qoe_GBR_cls_0.jpg,0,0.13435949,0,0.08811865746974945,0,TN,TN,False,unchanged,-0.04624083253025055,0.04624083253025055,1,0,0,white
C:\Users\amit nagar\Projects\oilguard\data\CSIRO\S1SAR_UnBalanced_400by400_Class_0\0\0_0_0_img_VjKtx0n4smaajpQE_ISR_cls_0.jpg,0,0.66632861,1,0.6674644947052002,1,FP,FP,False,unchanged,0.0011358847052002075,0.0011358847052002075,0,0,0,absent
C:\Users\amit nagar\Projects\oilguard\data\CSIRO\S1SAR_UnBalanced_400by400_Class_0\0\0_0_0_img_Zd8uqWbFRveJt1vu_GBR_cls_0.jpg,0,0.83193231,1,0.7603088617324829,1,FP,FP,False,unchanged,-0.0716234482675171,0.0716234482675171,0,0,0,absent
C:\Users\amit nagar\Projects\oilguard\data\CSIRO\S1SAR_UnBalanced_400by400_Class_0\0\837_11800_5400_img_mlNGfnRrMp7o8NWk_GBR_cls_0.jpg,0,0.4432995,0,0.4504004418849945,0,TN,TN,False,unchanged,0.007100941884994494,0.007100941884994494,0,0,0,absent
C:\Users\amit nagar\Projects\oilguard\data\CSIRO\S1SAR_UnBalanced_400by400_Class_0\0\438_6800_2400_img_1L6LEQc7CBNMvYba_GBR_cls_0.jpg,0,0.30435315,0,0.2588682472705841,0,TN,TN,False,unchanged,-0.04548490272941591,0.04548490272941591,1,0,0,white
C:\Users\amit nagar\Projects\oilguard\data\CSIRO\S1SAR_UnBalanced_400by400_Class_0\0\2060_10000_7400_img_C2JBcq9AEsrCLmVH_GBR_cls_0.jpg,0,0.38219887,0,0.35300159454345703,0,TN,TN,False,unchanged,-0.029197275456542993,0.029197275456542993,1,0,0,white
C:\Users\amit nagar\Projects\oilguard\data\CSIRO\S1SAR_UnBalanced_400by400_Class_1\1\8_0_400_img_yypoVwlHZPchMcLa_GBR_cls_1.jpg,1,0.81252247,1,0.7378252148628235,1,TP,TP,False,unchanged,-0.07469725513717651,0.07469725513717651,0,0,0,absent
C:\Users\amit nagar\Projects\oilguard\data\CSIRO\S1SAR_UnBalanced_400by400_Class_0\0\1132_5000_4200_img_cP6yVHk8XRRYSn68_GIB_cls_0.jpg,0,0.64978224,1,0.4738217294216156,0,FP,TN,True,FP->TN,-0.17596051057838435,0.17596051057838435,0,1,0,boundary
C:\Users\amit nagar\Projects\oilguard\data\CSIRO\S1SAR_UnBalanced_400by400_Class_0\0\126_13000_3200_img_J6QRQZeVd1ZAZbbR_GBR_cls_0.jpg,0,0.45225301,0,0.4571259617805481,0,TN,TN,False,unchanged,0.004872951780548085,0.004872951780548085,0,1,0,boundary
C:\Users\amit nagar\Projects\oilguard\data\CSIRO\S1SAR_UnBalanced_400by400_Class_0\0\2295_5400_9600_img_qi1c9U8GtjExQZGm_GBR_cls_0.jpg,0,0.65755087,1,0.5266061425209045,1,FP,FP,False,unchanged,-0.13094472747909547,0.13094472747909547,0,1,0,boundary
C:\Users\amit nagar\Projects\oilguard\data\CSIRO\S1SAR_UnBalanced_400by400_Class_1\1\97_3800_2200_img_uFV1okZV5npIC3wB_GBR_cls_1.jpg,1,0.31078523,0,0.252576619386673,0,FN,FN,False,unchanged,-0.05820861061332705,0.05820861061332705,0,0,1,dark_linear
C:\Users\amit nagar\Projects\oilguard\data\CSIRO\S1SAR_UnBalanced_400by400_Class_1\1\2548_9400_8600_img_oVSU08stqllU7l4Q_SIN_cls_1.jpg,1,0.4357349,0,0.4463350176811218,0,FN,FN,False,unchanged,0.010600117681121846,0.010600117681121846,0,0,0,absent
C:\Users\amit nagar\Projects\oilguard\data\CSIRO\S1SAR_UnBalanced_400by400_Class_1\1\1_200_0_img_NwJAvsa2q2JJnGyj_GBR_cls_1.jpg,1,0.77500498,1,0.6945226192474365,1,TP,TP,False,unchanged,-0.08048236075256343,0.08048236075256343,0,0,0,absent
C:\Users\amit nagar\Projects\oilguard\data\CSIRO\S1SAR_UnBalanced_400by400_Class_0\0\2415_11400_8000_img_auoDCZyjTvW8qVpv_GBR_cls_0.jpg,0,0.45478654,0,0.4519493281841278,0,TN,TN,False,unchanged,-0.0028372118158722093,0.0028372118158722093,1,0,0,white
C:\Users\amit nagar\Projects\oilguard\data\CSIRO\S1SAR_UnBalanced_400by400_Class_0\0\1030_8400_6800_img_1nz2X6x9neWN2fvj_GBR_cls_0.jpg,0,0.40041688,0,0.29100218415260315,0,TN,TN,False,unchanged,-0.10941469584739683,0.10941469584739683,1,1,0,white
C:\Users\amit nagar\Projects\oilguard\data\CSIRO\S1SAR_UnBalanced_400by400_Class_1\1\4_0_200_img_OOiLYiAXKXeI01N8_GBR_cls_1.jpg,1,0.78113621,1,0.6948719620704651,1,TP,TP,False,unchanged,-0.08626424792953491,0.08626424792953491,0,0,0,absent
C:\Users\amit nagar\Projects\oilguard\data\CSIRO\S1SAR_UnBalanced_400by400_Class_0\0\15_600_600_img_zfwrCDsOvZSJzzni_GBR_cls_0.jpg,0,0.72662085,1,0.6607232689857483,1,FP,FP,False,unchanged,-0.0658975810142517,0.0658975810142517,0,0,0,absent
C:\Users\amit nagar\Projects\oilguard\data\CSIRO\S1SAR_UnBalanced_400by400_Class_0\0\762_2600_3400_img_YUDorOuM0WvJTjdW_GBR_cls_0.jpg,0,0.00659085,0,0.003239950630813837,0,TN,TN,False,unchanged,-0.0033508993691861626,0.0033508993691861626,1,0,0,white
C:\Users\amit nagar\Projects\oilguard\data\CSIRO\S1SAR_UnBalanced_400by400_Class_0\0\912_9800_8800_img_U3SnAJmkz11fAYry_GBR_cls_0.jpg,0,0.35575527,0,0.30519506335258484,0,TN,TN,False,unchanged,-0.05056020664741517,0.05056020664741517,1,0,0,white
C:\Users\amit nagar\Projects\oilguard\data\CSIRO\S1SAR_UnBalanced_400by400_Class_0\0\1955_6000_9400_img_yGrHK8JKBqT2rW7A_GBR_cls_0.jpg,0,0.44365343,0,0.4117617607116699,0,TN,TN,False,unchanged,-0.03189166928833009,0.03189166928833009,0,0,0,absent
C:\Users\amit nagar\Projects\oilguard\data\CSIRO\S1SAR_UnBalanced_400by400_Class_0\0\0_0_0_img_lQPkKVcgCulwJP8N_JAV_cls_0.jpg,0,0.8344714,1,0.8060980439186096,1,FP,FP,False,unchanged,-0.028373356081390355,0.028373356081390355,0,0,0,absent
C:\Users\amit nagar\Projects\oilguard\data\CSIRO\S1SAR_UnBalanced_400by400_Class_0\0\1609_10200_7000_img_MpaH5F0qXOxxqzig_GBR_cls_0.jpg,0,0.28504327,0,0.24264493584632874,0,TN,TN,False,unchanged,-0.04239833415367128,0.04239833415367128,1,0,0,white
C:\Users\amit nagar\Projects\oilguard\data\CSIRO\S1SAR_UnBalanced_400by400_Class_0\0\2505_7600_9400_img_gYTz2svrGjHQtVd5_SIN_cls_0.jpg,0,0.49379435,0,0.4854244291782379,0,TN,TN,False,unchanged,-0.008369920821762078,0.008369920821762078,0,0,0,absent
C:\Users\amit nagar\Projects\oilguard\data\CSIRO\S1SAR_UnBalanced_400by400_Class_1\1\7_600_200_img_3r8Icj19pxtIgX8m_JAV_cls_1.jpg,1,0.65667123,1,0.7497987151145935,1,TP,TP,False,unchanged,0.09312748511459346,0.09312748511459346,0,0,0,absent
C:\Users\amit nagar\Projects\oilguard\data\CSIRO\S1SAR_UnBalanced_400by400_Class_1\1\14_400_600_img_MFzmL0hgg3qkq3he_EGY_cls_1.jpg,1,0.48922649,0,0.4580252468585968,0,FN,FN,False,unchanged,-0.031201243141403212,0.031201243141403212,0,0,0,absent
C:\Users\amit nagar\Projects\oilguard\data\CSIRO\S1SAR_UnBalanced_400by400_Class_1\1\453_9400_4000_img_VHsPkqxtaM5D6LcH_GBR_cls_1.jpg,1,0.26061848,0,0.2077818512916565,0,FN,FN,False,unchanged,-0.05283662870834349,0.05283662870834349,0,0,1,dark_linear
C:\Users\amit nagar\Projects\oilguard\data\CSIRO\S1SAR_UnBalanced_400by400_Class_1\1\1_200_0_img_NIQD4cYPEnZoZOFb_JAV_cls_1.jpg,1,0.64226866,1,0.7422166466712952,1,TP,TP,False,unchanged,0.09994798667129512,0.09994798667129512,0,0,0,absent
C:\Users\amit nagar\Projects\oilguard\data\CSIRO\S1SAR_UnBalanced_400by400_Class_1\1\13_200_600_img_QBHWjegJtuWoZCQm_GBR_cls_1.jpg,1,0.84387106,1,0.7875133752822876,1,TP,TP,False,unchanged,-0.05635768471771241,0.05635768471771241,0,0,0,absent
C:\Users\amit nagar\Projects\oilguard\data\CSIRO\S1SAR_UnBalanced_400by400_Class_0\0\1058_6400_4200_img_jqW200j8l5xzT7fa_GBR_cls_0.jpg,0,0.3783088,0,0.29201364517211914,0,TN,TN,False,unchanged,-0.08629515482788086,0.08629515482788086,0,0,0,absent
C:\Users\amit nagar\Projects\oilguard\data\CSIRO\S1SAR_UnBalanced_400by400_Class_1\1\2808_5800_9600_img_9gwCZGaJOmIEVLxb_SIN_cls_1.jpg,1,0.44105521,0,0.4339439272880554,0,FN,FN,False,unchanged,-0.007111282711944555,0.007111282711944555,0,0,0,absent
C:\Users\amit nagar\Projects\oilguard\data\CSIRO\S1SAR_UnBalanced_400by400_Class_1\1\9_200_400_img_CyHD9sTxQPEYUIwW_ADR_cls_1.jpg,1,0.49115413,0,0.4540543258190155,0,FN,FN,False,unchanged,-0.03709980418098452,0.03709980418098452,0,0,0,absent
C:\Users\amit nagar\Projects\oilguard\data\CSIRO\S1SAR_UnBalanced_400by400_Class_0\0\266_10600_5400_img_YUCijErcHDz1cxgT_GBR_cls_0.jpg,0,0.42722708,0,0.4175104796886444,0,TN,TN,False,unchanged,-0.009716600311355572,0.009716600311355572,1,1,0,white
C:\Users\amit nagar\Projects\oilguard\data\CSIRO\S1SAR_UnBalanced_400by400_Class_1\1\1_200_0_img_RYyVktSw3mciYrjj_PHI_cls_1.jpg,1,0.70047456,1,0.5754697918891907,1,TP,TP,False,unchanged,-0.1250047681108093,0.1250047681108093,0,0,0,absent
C:\Users\amit nagar\Projects\oilguard\data\CSIRO\S1SAR_UnBalanced_400by400_Class_0\0\1_200_0_img_4s5lUGAZHnM82yrA_GBR_cls_0.jpg,0,0.80928671,1,0.7731040716171265,1,FP,FP,False,unchanged,-0.0361826383828735,0.0361826383828735,0,0,0,absent
C:\Users\amit nagar\Projects\oilguard\data\CSIRO\S1SAR_UnBalanced_400by400_Class_0\0\2640_9200_9200_img_oB76TpOJ8MsFOBcs_SIN_cls_0.jpg,0,0.1209432,0,0.07596426457166672,0,TN,TN,False,unchanged,-0.04497893542833328,0.04497893542833328,1,0,0,white
C:\Users\amit nagar\Projects\oilguard\data\CSIRO\S1SAR_UnBalanced_400by400_Class_0\0\854_1600_5600_img_95pbc30bO8o4yowd_GBR_cls_0.jpg,0,0.48963597,0,0.495369553565979,0,TN,TN,False,unchanged,0.005733583565979028,0.005733583565979028,0,0,0,absent
C:\Users\amit nagar\Projects\oilguard\data\CSIRO\S1SAR_UnBalanced_400by400_Class_0\0\879_600_6000_img_DHSYcH8WDPyCa2O1_SIN_cls_0.jpg,0,0.68934095,1,0.49295875430107117,0,FP,TN,True,FP->TN,-0.19638219569892879,0.19638219569892879,0,1,0,boundary
C:\Users\amit nagar\Projects\oilguard\data\CSIRO\S1SAR_UnBalanced_400by400_Class_0\0\665_1400_3000_img_M2kpBH7Ht6PJhSrn_SIN_cls_0.jpg,0,0.40825579,0,0.39190971851348877,0,TN,TN,False,unchanged,-0.016346071486511238,0.016346071486511238,0,0,0,absent
C:\Users\amit nagar\Projects\oilguard\data\CSIRO\S1SAR_UnBalanced_400by400_Class_0\0\278_5800_1800_img_zM9pVth9I2DH869f_GBR_cls_0.jpg,0,0.30477849,0,0.25384721159935,0,TN,TN,False,unchanged,-0.05093127840065004,0.05093127840065004,0,0,0,absent
C:\Users\amit nagar\Projects\oilguard\data\CSIRO\S1SAR_UnBalanced_400by400_Class_0\0\0_0_0_img_FBah6qcbLS4SRZJ2_PHI_cls_0.jpg,0,0.45694464,0,0.4882865250110626,0,TN,TN,False,unchanged,0.03134188501106261,0.03134188501106261,0,0,0,absent
C:\Users\amit nagar\Projects\oilguard\data\CSIRO\S1SAR_UnBalanced_400by400_Class_0\0\2355_9800_8200_img_DfrrNAMEseT7MwrF_GBR_cls_0.jpg,0,0.43638554,0,0.4316238462924957,0,TN,TN,False,unchanged,-0.004761693707504289,0.004761693707504289,0,0,0,absent
C:\Users\amit nagar\Projects\oilguard\data\CSIRO\S1SAR_UnBalanced_400by400_Class_0\0\2_400_0_img_QAXcTm44bWHjwDsR_SFr_cls_0.jpg,0,0.25390449,0,0.30938631296157837,0,TN,TN,False,unchanged,0.055481822961578386,0.055481822961578386,0,0,0,absent
C:\Users\amit nagar\Projects\oilguard\data\CSIRO\S1SAR_UnBalanced_400by400_Class_1\1\6_400_200_img_11hRXUG2cQYhYoyy_GBR_cls_1.jpg,1,0.72066456,1,0.6473442316055298,1,TP,TP,False,unchanged,-0.07332032839447022,0.07332032839447022,0,0,0,absent
C:\Users\amit nagar\Projects\oilguard\data\CSIRO\S1SAR_UnBalanced_400by400_Class_1\1\2_400_0_img_zbwDLkPO2SE00agZ_GIB_cls_1.jpg,1,0.3399083,0,0.42124807834625244,0,FN,FN,False,unchanged,0.08133977834625244,0.08133977834625244,0,0,1,dark_linear
C:\Users\amit nagar\Projects\oilguard\data\CSIRO\S1SAR_UnBalanced_400by400_Class_0\0\0_0_0_img_zkxKacozJQsS0zxT_GBR_cls_0.jpg,0,0.78446901,1,0.7664108872413635,1,FP,FP,False,unchanged,-0.018058122758636497,0.018058122758636497,0,0,0,absent
C:\Users\amit nagar\Projects\oilguard\data\CSIRO\S1SAR_UnBalanced_400by400_Class_0\0\628_4400_4000_img_kpOx8gizBzP6THL4_SIN_cls_0.jpg,0,0.47868368,0,0.4776594638824463,0,TN,TN,False,unchanged,-0.0010242161175537112,0.0010242161175537112,0,0,0,absent
C:\Users\amit nagar\Projects\oilguard\data\CSIRO\S1SAR_UnBalanced_400by400_Class_1\1\4_0_200_img_SyumdaQ4btQAYZqS_JAV_cls_1.jpg,1,0.78651953,1,0.7011358737945557,1,TP,TP,False,unchanged,-0.0853836562054443,0.0853836562054443,0,0,0,absent
C:\Users\amit nagar\Projects\oilguard\data\CSIRO\S1SAR_UnBalanced_400by400_Class_0\0\2544_5400_9400_img_vjkA4NjM6EyDGjU2_GBR_cls_0.jpg,0,0.3077274,0,0.2777792811393738,0,TN,TN,False,unchanged,-0.029948118860626205,0.029948118860626205,0,0,0,absent
C:\Users\amit nagar\Projects\oilguard\data\CSIRO\S1SAR_UnBalanced_400by400_Class_0\0\1139_9400_5400_img_3OZgk1xuufsuqGPY_GBR_cls_0.jpg,0,0.45424727,0,0.4441680610179901,0,TN,TN,False,unchanged,-0.010079208982009868,0.010079208982009868,0,0,0,absent
C:\Users\amit nagar\Projects\oilguard\data\CSIRO\S1SAR_UnBalanced_400by400_Class_0\0\0_0_0_img_9iomrRlW8Zr7spdq_PHI_cls_0.jpg,0,0.4321554,0,0.5273103713989258,1,TN,FP,True,TN->FP,0.09515497139892576,0.09515497139892576,0,0,0,absent
C:\Users\amit nagar\Projects\oilguard\data\CSIRO\S1SAR_UnBalanced_400by400_Class_0\0\0_0_0_img_Cf8IBUFHioBfrLoU_BOR_cls_0.jpg,0,0.1893463,0,0.18999917805194855,0,TN,TN,False,unchanged,0.0006528780519485522,0.0006528780519485522,0,0,0,absent
C:\Users\amit nagar\Projects\oilguard\data\CSIRO\S1SAR_UnBalanced_400by400_Class_0\0\512_6000_2600_img_0v8NHlWk2cGZrurC_GBR_cls_0.jpg,0,0.43749374,0,0.3446045517921448,0,TN,TN,False,unchanged,-0.09288918820785524,0.09288918820785524,0,0,0,absent
C:\Users\amit nagar\Projects\oilguard\data\CSIRO\S1SAR_UnBalanced_400by400_Class_1\1\373_8200_2000_img_1MJ8BxNTKFisez3J_SIN_cls_1.jpg,1,0.72731739,1,0.5920867323875427,1,TP,TP,False,unchanged,-0.13523065761245723,0.13523065761245723,0,0,0,absent
C:\Users\amit nagar\Projects\oilguard\data\CSIRO\S1SAR_UnBalanced_400by400_Class_0\0\2_400_0_img_Uy1ARokJjLXArqmd_SFr_cls_0.jpg,0,0.24196471,0,0.22152076661586761,0,TN,TN,False,unchanged,-0.020443943384132385,0.020443943384132385,0,0,0,absent
C:\Users\amit nagar\Projects\oilguard\data\CSIRO\S1SAR_UnBalanced_400by400_Class_0\0\2_400_0_img_gC0oJfTx0Fg7IDyg_BAH_cls_0.jpg,0,0.56992024,1,0.6128212809562683,1,FP,FP,False,unchanged,0.042901040956268344,0.042901040956268344,0,0,0,absent
C:\Users\amit nagar\Projects\oilguard\data\CSIRO\S1SAR_UnBalanced_400by400_Class_0\0\325_5200_2000_img_zbpDpaBJNjgfkBqm_GBR_cls_0.jpg,0,0.6545462,1,0.5091459155082703,1,FP,FP,False,unchanged,-0.1454002844917297,0.1454002844917297,0,0,0,absent
C:\Users\amit nagar\Projects\oilguard\data\CSIRO\S1SAR_UnBalanced_400by400_Class_0\0\698_13000_7600_img_ig5F1dEKJ1NlXkrb_GBR_cls_0.jpg,0,0.08049288,0,0.05240705981850624,0,TN,TN,False,unchanged,-0.028085820181493762,0.028085820181493762,1,0,0,white
C:\Users\amit nagar\Projects\oilguard\data\CSIRO\S1SAR_UnBalanced_400by400_Class_0\0\0_0_0_img_IdWPjAQlFfHI8jhG_EGY_cls_0.jpg,0,0.49735576,0,0.5522066354751587,1,TN,FP,True,TN->FP,0.05485087547515871,0.05485087547515871,0,0,0,absent
C:\Users\amit nagar\Projects\oilguard\data\CSIRO\S1SAR_UnBalanced_400by400_Class_1\1\0_0_0_img_7CBrmiCXXLS9yKFE_GBR_cls_1.jpg,1,0.66213977,1,0.5722140669822693,1,TP,TP,False,unchanged,-0.08992570301773073,0.08992570301773073,0,1,0,boundary
C:\Users\amit nagar\Projects\oilguard\data\CSIRO\S1SAR_UnBalanced_400by400_Class_0\0\1586_11400_6000_img_fvc6ZUsqqQhKfXsn_SIN_cls_0.jpg,0,0.40883484,0,0.39400050044059753,0,TN,TN,False,unchanged,-0.014834339559402443,0.014834339559402443,0,0,0,absent
C:\Users\amit nagar\Projects\oilguard\data\CSIRO\S1SAR_UnBalanced_400by400_Class_0\0\924_8400_7000_img_XffNtgakfF5yeiue_GBR_cls_0.jpg,0,0.49376616,0,0.403370201587677,0,TN,TN,False,unchanged,-0.09039595841232301,0.09039595841232301,0,0,1,dark_linear
C:\Users\amit nagar\Projects\oilguard\data\CSIRO\S1SAR_UnBalanced_400by400_Class_0\0\0_0_0_img_PK0lAVTqHUoUlEAO_PHI_cls_0.jpg,0,0.42621592,0,0.4259098470211029,0,TN,TN,False,unchanged,-0.0003060729788971206,0.0003060729788971206,0,0,0,absent
C:\Users\amit nagar\Projects\oilguard\data\CSIRO\S1SAR_UnBalanced_400by400_Class_0\0\136_6800_4200_img_t1JI4W9vqRES4TiF_GBR_cls_0.jpg,0,0.51631874,1,0.4061630964279175,0,FP,TN,True,FP->TN,-0.11015564357208252,0.11015564357208252,0,0,0,absent
C:\Users\amit nagar\Projects\oilguard\data\CSIRO\S1SAR_UnBalanced_400by400_Class_0\0\1668_6400_8600_img_hvYz4Z5HbhitcK0S_GBR_cls_0.jpg,0,0.11173809,0,0.07023417949676514,0,TN,TN,False,unchanged,-0.04150391050323486,0.04150391050323486,1,0,0,white
C:\Users\amit nagar\Projects\oilguard\data\CSIRO\S1SAR_UnBalanced_400by400_Class_1\1\1617_4400_6000_img_wg60YqeFUosc3l75_SIN_cls_1.jpg,1,0.48440325,0,0.4821482300758362,0,FN,FN,False,unchanged,-0.002255019924163826,0.002255019924163826,0,1,0,boundary
C:\Users\amit nagar\Projects\oilguard\data\CSIRO\S1SAR_UnBalanced_400by400_Class_1\1\2_400_0_img_Ca5khSRbprzWpUQr_GGu_cls_1.jpg,1,0.8230623,1,0.7959246635437012,1,TP,TP,False,unchanged,-0.027137636456298853,0.027137636456298853,0,0,0,absent
C:\Users\amit nagar\Projects\oilguard\data\CSIRO\S1SAR_UnBalanced_400by400_Class_0\0\823_5600_8600_img_4uaZ83tpjjHCesbQ_GBR_cls_0.jpg,0,0.44154409,0,0.4311757981777191,0,TN,TN,False,unchanged,-0.010368291822280884,0.010368291822280884,0,0,0,absent
C:\Users\amit nagar\Projects\oilguard\data\CSIRO\S1SAR_UnBalanced_400by400_Class_1\1\8_0_400_img_TGAFhzOILeERYEUH_JAV_cls_1.jpg,1,0.84264189,1,0.8040019869804382,1,TP,TP,False,unchanged,-0.03863990301956177,0.03863990301956177,0,0,0,absent
C:\Users\amit nagar\Projects\oilguard\data\CSIRO\S1SAR_UnBalanced_400by400_Class_0\0\358_13600_2400_img_GBPgoEqIrGwRXOHZ_GBR_cls_0.jpg,0,0.09017701,0,0.060761287808418274,0,TN,TN,False,unchanged,-0.029415722191581728,0.029415722191581728,1,0,1,white
C:\Users\amit nagar\Projects\oilguard\data\CSIRO\S1SAR_UnBalanced_400by400_Class_0\0\1480_5200_6200_img_wXzu9nlQxpZLnl7d_GBR_cls_0.jpg,0,0.39366296,0,0.3080291450023651,0,TN,TN,False,unchanged,-0.0856338149976349,0.0856338149976349,0,0,0,absent
C:\Users\amit nagar\Projects\oilguard\data\CSIRO\S1SAR_UnBalanced_400by400_Class_0\0\1_200_0_img_2FWj5R6WgayH3EFn_PHI_cls_0.jpg,0,0.50555271,1,0.3572445213794708,0,FP,TN,True,FP->TN,-0.1483081886205292,0.1483081886205292,0,0,0,absent
C:\Users\amit nagar\Projects\oilguard\data\CSIRO\S1SAR_UnBalanced_400by400_Class_0\0\1240_2400_5200_img_veXsxAVEAuNJRenB_GBR_cls_0.jpg,0,0.20558943,0,0.15563075244426727,0,TN,TN,False,unchanged,-0.04995867755573272,0.04995867755573272,1,0,0,white
C:\Users\amit nagar\Projects\oilguard\data\CSIRO\S1SAR_UnBalanced_400by400_Class_1\1\8_0_400_img_o1WSVeQd6YXTQyqO_JAV_cls_1.jpg,1,0.85090262,1,0.8015673160552979,1,TP,TP,False,unchanged,-0.0493353039447022,0.0493353039447022,0,0,0,absent
C:\Users\amit nagar\Projects\oilguard\data\CSIRO\S1SAR_UnBalanced_400by400_Class_1\1\12_0_600_img_Z23wYHG6aQ36bbGZ_BAH_cls_1.jpg,1,0.45233086,0,0.4618571400642395,0,FN,FN,False,unchanged,0.0095262800642395,0.0095262800642395,0,0,0,absent
C:\Users\amit nagar\Projects\oilguard\data\CSIRO\S1SAR_UnBalanced_400by400_Class_1\1\6_400_200_img_0CugGbeejr96zxqr_SFr_cls_1.jpg,1,0.48368427,0,0.5292478799819946,1,FN,TP,True,FN->TP,0.0455636099819946,0.0455636099819946,0,0,0,absent
C:\Users\amit nagar\Projects\oilguard\data\CSIRO\S1SAR_UnBalanced_400by400_Class_0\0\1_200_0_img_ymMchmp0PHqv2VY1_BAH_cls_0.jpg,0,0.28581005,0,0.221899151802063,0,TN,TN,False,unchanged,-0.063910898197937,0.063910898197937,0,0,1,dark_linear
C:\Users\amit nagar\Projects\oilguard\data\CSIRO\S1SAR_UnBalanced_400by400_Class_0\0\7_600_200_img_N4eE49g4YsXf_VEN_cls_0.jpg,0,0.75485402,1,0.6582181453704834,1,FP,FP,False,unchanged,-0.09663587462951662,0.09663587462951662,0,0,0,absent
C:\Users\amit nagar\Projects\oilguard\data\CSIRO\S1SAR_UnBalanced_400by400_Class_0\0\1961_9400_11200_img_j0XN8sbubnup6q1D_GBR_cls_0.jpg,0,0.47151026,0,0.39841949939727783,0,TN,TN,False,unchanged,-0.07309076060272218,0.07309076060272218,0,0,0,absent
C:\Users\amit nagar\Projects\oilguard\data\CSIRO\S1SAR_UnBalanced_400by400_Class_1\1\6_400_200_img_bPFJFrPOIuFW0c1Q_JAV_cls_1.jpg,1,0.80943143,1,0.7931158542633057,1,TP,TP,False,unchanged,-0.016315575736694288,0.016315575736694288,0,0,0,absent
C:\Users\amit nagar\Projects\oilguard\data\CSIRO\S1SAR_UnBalanced_400by400_Class_0\0\725_13800_7800_img_8TrM9GygmbOAWEDC_GBR_cls_0.jpg,0,0.40295881,0,0.4006984531879425,0,TN,TN,False,unchanged,-0.0022603568120574957,0.0022603568120574957,0,1,1,boundary
C:\Users\amit nagar\Projects\oilguard\data\CSIRO\S1SAR_UnBalanced_400by400_Class_0\0\1_200_0_img_314bgERukLeBdmiU_GBR_cls_0.jpg,0,0.80631614,1,0.7744695544242859,1,FP,FP,False,unchanged,-0.03184658557571407,0.03184658557571407,0,0,0,absent
C:\Users\amit nagar\Projects\oilguard\data\CSIRO\S1SAR_UnBalanced_400by400_Class_0\0\2977_8200_10000_img_ZeaF8MKChOZyZ76o_GBR_cls_0.jpg,0,0.38610458,0,0.35934388637542725,0,TN,TN,False,unchanged,-0.02676069362457273,0.02676069362457273,1,0,0,white
C:\Users\amit nagar\Projects\oilguard\data\CSIRO\S1SAR_UnBalanced_400by400_Class_1\1\590_12600_3800_img_MaTcZdRmIewDCSbw_GBR_cls_1.jpg,1,0.55320597,1,0.44668838381767273,0,TP,FN,True,TP->FN,-0.10651758618232732,0.10651758618232732,0,0,0,absent
C:\Users\amit nagar\Projects\oilguard\data\CSIRO\S1SAR_UnBalanced_400by400_Class_0\0\0_0_0_img_0CugGbeejr96zxqr_SFr_cls_0.jpg,0,0.50088441,1,0.5319519639015198,1,FP,FP,False,unchanged,0.03106755390151983,0.03106755390151983,0,0,0,absent
C:\Users\amit nagar\Projects\oilguard\data\CSIRO\S1SAR_UnBalanced_400by400_Class_0\0\2_400_0_img_SDk5Pj4fu7RxOP39_SFr_cls_0.jpg,0,0.16338813,0,0.15059266984462738,0,TN,TN,False,unchanged,-0.012795460155372612,0.012795460155372612,0,0,0,absent
C:\Users\amit nagar\Projects\oilguard\data\CSIRO\S1SAR_UnBalanced_400by400_Class_0\0\1146_10800_5600_img_bGydUWzFw2cBdytm_GBR_cls_0.jpg,0,0.41815364,0,0.37266549468040466,0,TN,TN,False,unchanged,-0.04548814531959533,0.04548814531959533,0,0,1,dark_linear
C:\Users\amit nagar\Projects\oilguard\data\CSIRO\S1SAR_UnBalanced_400by400_Class_1\1\7_600_200_img_8DszOGMy2PIKux3i_PHI_cls_1.jpg,1,0.68541044,1,0.5406718850135803,1,TP,TP,False,unchanged,-0.14473855498641963,0.14473855498641963,0,1,1,boundary
C:\Users\amit nagar\Projects\oilguard\data\CSIRO\S1SAR_UnBalanced_400by400_Class_1\1\7_600_200_img_xFHi5Ujq9VWX0E6E_GBR_cls_1.jpg,1,0.81019956,1,0.7319980263710022,1,TP,TP,False,unchanged,-0.07820153362899784,0.07820153362899784,0,0,0,absent
C:\Users\amit nagar\Projects\oilguard\data\CSIRO\S1SAR_UnBalanced_400by400_Class_1\1\548_4200_2600_img_Xvdl2eIqyQZRidGy_SIN_cls_1.jpg,1,0.33250231,0,0.27786946296691895,0,FN,FN,False,unchanged,-0.05463284703308108,0.05463284703308108,0,0,0,absent
C:\Users\amit nagar\Projects\oilguard\data\CSIRO\S1SAR_UnBalanced_400by400_Class_1\1\776_7200_8400_img_Yw9ItU2mJsPBSID9_THA_cls_1.jpg,1,0.4646467,0,0.459358274936676,0,FN,FN,False,unchanged,-0.005288425063323998,0.005288425063323998,0,0,0,absent
C:\Users\amit nagar\Projects\oilguard\data\CSIRO\S1SAR_UnBalanced_400by400_Class_1\1\4_0_200_img_yypoVwlHZPchMcLa_GBR_cls_1.jpg,1,0.81270069,1,0.7370625734329224,1,TP,TP,False,unchanged,-0.07563811656707764,0.07563811656707764,0,0,0,absent
C:\Users\amit nagar\Projects\oilguard\data\CSIRO\S1SAR_UnBalanced_400by400_Class_0\0\189_14800_3600_img_xS8FmfXleB3IHrnA_GBR_cls_0.jpg,0,0.37224388,0,0.38867753744125366,0,TN,TN,False,unchanged,0.016433657441253635,0.016433657441253635,0,0,1,dark_linear
C:\Users\amit nagar\Projects\oilguard\data\CSIRO\S1SAR_UnBalanced_400by400_Class_0\0\290_600_3200_img_I4Kozb3G4G7BfiSO_GBR_cls_0.jpg,0,0.49518418,0,0.495473712682724,0,TN,TN,False,unchanged,0.0002895326827240252,0.0002895326827240252,0,0,0,absent
C:\Users\amit nagar\Projects\oilguard\data\CSIRO\S1SAR_UnBalanced_400by400_Class_1\1\777_7400_8400_img_KOqXWfUJy1aq4cIt_GBR_cls_1.jpg,1,0.45667052,0,0.4449913203716278,0,FN,FN,False,unchanged,-0.011679199628372217,0.011679199628372217,0,0,0,absent
C:\Users\amit nagar\Projects\oilguard\data\CSIRO\S1SAR_UnBalanced_400by400_Class_0\0\2336_13000_7800_img_TzoGt8pyGIrv81E8_GBR_cls_0.jpg,0,0.28476366,0,0.24320343136787415,0,TN,TN,False,unchanged,-0.04156022863212583,0.04156022863212583,0,0,0,absent
C:\Users\amit nagar\Projects\oilguard\data\CSIRO\S1SAR_UnBalanced_400by400_Class_1\1\2307_7000_8600_img_JMwRxS9SHgJc8gaL_SIN_cls_1.jpg,1,0.45386967,0,0.4451938569545746,0,FN,FN,False,unchanged,-0.008675813045425418,0.008675813045425418,0,1,0,boundary
C:\Users\amit nagar\Projects\oilguard\data\CSIRO\S1SAR_UnBalanced_400by400_Class_0\0\2434_9000_8200_img_y8gsnfMTgkr4ocbF_SIN_cls_0.jpg,0,0.55203807,1,0.4184272587299347,0,FP,TN,True,FP->TN,-0.13361081127006535,0.13361081127006535,0,0,0,absent
C:\Users\amit nagar\Projects\oilguard\data\CSIRO\S1SAR_UnBalanced_400by400_Class_1\1\9_200_400_img_Midchs7gU9KtYosy_GGu_cls_1.jpg,1,0.78544301,1,0.7759982943534851,1,TP,TP,False,unchanged,-0.009444715646514945,0.009444715646514945,0,0,0,absent
C:\Users\amit nagar\Projects\oilguard\data\CSIRO\S1SAR_UnBalanced_400by400_Class_0\0\1468_8200_7200_img_OhJdf1aOiOPV89Hu_GBR_cls_0.jpg,0,0.07535763,0,0.04419516399502754,0,TN,TN,False,unchanged,-0.031162466004972453,0.031162466004972453,1,0,0,white
C:\Users\amit nagar\Projects\oilguard\data\CSIRO\S1SAR_UnBalanced_400by400_Class_1\1\3_600_0_img_TPiDA024JwwzVqSg_GBR_cls_1.jpg,1,0.83740598,1,0.7707644701004028,1,TP,TP,False,unchanged,-0.06664150989959716,0.06664150989959716,0,0,0,absent
C:\Users\amit nagar\Projects\oilguard\data\CSIRO\S1SAR_UnBalanced_400by400_Class_0\0\0_0_0_img_fQJdGnBk5g9SrtMi_LUC_cls_0.jpg,0,0.49223444,0,0.3607403337955475,0,TN,TN,False,unchanged,-0.1314941062044525,0.1314941062044525,0,0,1,dark_linear
C:\Users\amit nagar\Projects\oilguard\data\CSIRO\S1SAR_UnBalanced_400by400_Class_1\1\2_400_0_img_0bBRglmdLdC6cFxF_JAV_cls_1.jpg,1,0.85160595,1,0.7956397533416748,1,TP,TP,False,unchanged,-0.05596619665832514,0.05596619665832514,0,0,0,absent
C:\Users\amit nagar\Projects\oilguard\data\CSIRO\S1SAR_UnBalanced_400by400_Class_1\1\1_200_0_img_sSIg7OgLdvv7rouB_JAV_cls_1.jpg,1,0.79050446,1,0.7909402847290039,1,TP,TP,False,unchanged,0.00043582472900394187,0.00043582472900394187,0,0,0,absent
C:\Users\amit nagar\Projects\oilguard\data\CSIRO\S1SAR_UnBalanced_400by400_Class_0\0\1871_8400_8200_img_2Fd2py2LoYYrtbc2_GBR_cls_0.jpg,0,0.36522496,0,0.32448118925094604,0,TN,TN,False,unchanged,-0.04074377074905394,0.04074377074905394,1,1,0,white
C:\Users\amit nagar\Projects\oilguard\data\CSIRO\S1SAR_UnBalanced_400by400_Class_0\0\0_0_0_img_0XNpLu6NngRGgyFC_JAV_cls_0.jpg,0,0.80339724,1,0.7885228991508484,1,FP,FP,False,unchanged,-0.014874340849151624,0.014874340849151624,0,0,0,absent
C:\Users\amit nagar\Projects\oilguard\data\CSIRO\S1SAR_UnBalanced_400by400_Class_0\0\1_200_0_img_saCMzfbmwZZC7SDG_MLA_cls_0.jpg,0,0.42462674,0,0.29056310653686523,0,TN,TN,False,unchanged,-0.13406363346313477,0.13406363346313477,0,0,0,absent
C:\Users\amit nagar\Projects\oilguard\data\CSIRO\S1SAR_UnBalanced_400by400_Class_0\0\807_1800_4000_img_nRsGZw0dMc8C0GtI_GBR_cls_0.jpg,0,0.36424053,0,0.3109503388404846,0,TN,TN,False,unchanged,-0.05329019115951539,0.05329019115951539,0,0,0,absent
C:\Users\amit nagar\Projects\oilguard\data\CSIRO\S1SAR_UnBalanced_400by400_Class_1\1\1015_5200_4000_img_Q8v9guhemyPAkdcD_SIN_cls_1.jpg,1,0.61759877,1,0.5112406611442566,1,TP,TP,False,unchanged,-0.10635810885574337,0.10635810885574337,0,0,1,dark_linear
C:\Users\amit nagar\Projects\oilguard\data\CSIRO\S1SAR_UnBalanced_400by400_Class_0\0\1189_800_4600_img_CsoW0GgNFAmNJMr2_SIN_cls_0.jpg,0,0.31083709,0,0.25008949637413025,0,TN,TN,False,unchanged,-0.060747593625869734,0.060747593625869734,0,1,1,boundary
C:\Users\amit nagar\Projects\oilguard\data\CSIRO\S1SAR_UnBalanced_400by400_Class_0\0\0_0_0_img_85qbNAvjGF2NPBGa_GIB_cls_0.jpg,0,0.39708388,0,0.47507938742637634,0,TN,TN,False,unchanged,0.07799550742637634,0.07799550742637634,0,0,1,dark_linear
C:\Users\amit nagar\Projects\oilguard\data\CSIRO\S1SAR_UnBalanced_400by400_Class_0\0\1331_7800_5200_img_c8umAJtF9bNMjXVA_SIN_cls_0.jpg,0,0.63641346,1,0.467221200466156,0,FP,TN,True,FP->TN,-0.16919225953384398,0.16919225953384398,0,0,0,absent
C:\Users\amit nagar\Projects\oilguard\data\CSIRO\S1SAR_UnBalanced_400by400_Class_0\0\883_11200_8600_img_LxhDiWZ4WrChDDeI_GBR_cls_0.jpg,0,0.40693641,0,0.3854508697986603,0,TN,TN,False,unchanged,-0.021485540201339748,0.021485540201339748,1,0,0,white
C:\Users\amit nagar\Projects\oilguard\data\CSIRO\S1SAR_UnBalanced_400by400_Class_1\1\792_1800_3400_img_fxjZZohXr9zp551u_SIN_cls_1.jpg,1,0.37789485,0,0.3091849982738495,0,FN,FN,False,unchanged,-0.06870985172615052,0.06870985172615052,0,1,0,boundary
C:\Users\amit nagar\Projects\oilguard\data\CSIRO\S1SAR_UnBalanced_400by400_Class_0\0\565_3400_2800_img_5uWC8BzbTaLCGk1V_GBR_cls_0.jpg,0,0.47645938,0,0.44096630811691284,0,TN,TN,False,unchanged,-0.035493071883087146,0.035493071883087146,0,0,0,absent
C:\Users\amit nagar\Projects\oilguard\data\CSIRO\S1SAR_UnBalanced_400by400_Class_1\1\11_600_400_img_MFzmL0hgg3qkq3he_EGY_cls_1.jpg,1,0.49456459,0,0.45845815539360046,0,FN,FN,False,unchanged,-0.03610643460639956,0.03610643460639956,0,1,0,boundary
C:\Users\amit nagar\Projects\oilguard\data\CSIRO\S1SAR_UnBalanced_400by400_Class_0\0\1_200_0_img_Pvbv4YQGT4WlJ6Jq_GBR_cls_0.jpg,0,0.83092594,1,0.7610040307044983,1,FP,FP,False,unchanged,-0.06992190929550168,0.06992190929550168,0,0,0,absent
C:\Users\amit nagar\Projects\oilguard\data\CSIRO\S1SAR_UnBalanced_400by400_Class_1\1\5_200_200_img_JpiIZN3pVmaym4T9_JAV_cls_1.jpg,1,0.84699219,1,0.7908764481544495,1,TP,TP,False,unchanged,-0.05611574184555057,0.05611574184555057,0,0,0,absent
C:\Users\amit nagar\Projects\oilguard\data\CSIRO\S1SAR_UnBalanced_400by400_Class_0\0\2_400_0_img_uvlwTSqNnkv2fHh1_GBR_cls_0.jpg,0,0.83674651,1,0.7794137001037598,1,FP,FP,False,unchanged,-0.05733280989624023,0.05733280989624023,0,0,0,absent
C:\Users\amit nagar\Projects\oilguard\data\CSIRO\S1SAR_UnBalanced_400by400_Class_0\0\1853_9600_6600_img_BcHy13NSLcWI2eCB_GBR_cls_0.jpg,0,0.52196079,1,0.4300018548965454,0,FP,TN,True,FP->TN,-0.09195893510345454,0.09195893510345454,0,0,0,absent
C:\Users\amit nagar\Projects\oilguard\data\CSIRO\S1SAR_UnBalanced_400by400_Class_1\1\1_200_0_img_4aZQaQr8O8ep5xHK_JAV_cls_1.jpg,1,0.81999403,1,0.7912898659706116,1,TP,TP,False,unchanged,-0.028704164029388468,0.028704164029388468,0,0,0,absent
C:\Users\amit nagar\Projects\oilguard\data\CSIRO\S1SAR_UnBalanced_400by400_Class_0\0\64_7400_1400_img_f90OqTxAdyuwUzEO_GBR_cls_0.jpg,0,0.39307946,0,0.36669448018074036,0,TN,TN,False,unchanged,-0.026384979819259635,0.026384979819259635,1,0,0,white
C:\Users\amit nagar\Projects\oilguard\data\CSIRO\S1SAR_UnBalanced_400by400_Class_0\0\0_0_0_img_vQQ3OmvAGUPSVgt5_GBR_cls_0.jpg,0,0.81514895,1,0.7815312147140503,1,FP,FP,False,unchanged,-0.03361773528594969,0.03361773528594969,0,0,0,absent
C:\Users\amit nagar\Projects\oilguard\data\CSIRO\S1SAR_UnBalanced_400by400_Class_0\0\0_0_0_img_BIaDxZpSKVrTlCc4_PHI_cls_0.jpg,0,0.41963896,0,0.3071466386318207,0,TN,TN,False,unchanged,-0.11249232136817933,0.11249232136817933,0,0,0,absent
C:\Users\amit nagar\Projects\oilguard\data\CSIRO\S1SAR_UnBalanced_400by400_Class_0\0\2454_1800_8400_img_5scBKiA2NluhunjC_SIN_cls_0.jpg,0,0.49604675,0,0.30186399817466736,0,TN,TN,False,unchanged,-0.19418275182533262,0.19418275182533262,0,1,0,boundary
C:\Users\amit nagar\Projects\oilguard\data\CSIRO\S1SAR_UnBalanced_400by400_Class_0\0\46_11400_3000_img_7yeSL0t9Dbs6EGze_GBR_cls_0.jpg,0,0.39913374,0,0.34852004051208496,0,TN,TN,False,unchanged,-0.050613699487915054,0.050613699487915054,0,0,0,absent
C:\Users\amit nagar\Projects\oilguard\data\CSIRO\S1SAR_UnBalanced_400by400_Class_0\0\1016_11400_4000_img_pqbu5n1aJPzLrkgH_GBR_cls_0.jpg,0,0.40020549,0,0.3625696003437042,0,TN,TN,False,unchanged,-0.03763588965629577,0.03763588965629577,0,0,0,absent
C:\Users\amit nagar\Projects\oilguard\data\CSIRO\S1SAR_UnBalanced_400by400_Class_0\0\0_0_0_img_POyNDsbuUdN4xjgn_BOR_cls_0.jpg,0,0.43867433,0,0.4319096505641937,0,TN,TN,False,unchanged,-0.006764679435806276,0.006764679435806276,0,0,0,absent
C:\Users\amit nagar\Projects\oilguard\data\CSIRO\S1SAR_UnBalanced_400by400_Class_0\0\2246_8800_7600_img_MqdlyqRVzq8SHZwd_GBR_cls_0.jpg,0,0.44208679,0,0.4040553569793701,0,TN,TN,False,unchanged,-0.03803143302062989,0.03803143302062989,0,0,0,absent
C:\Users\amit nagar\Projects\oilguard\data\CSIRO\S1SAR_UnBalanced_400by400_Class_1\1\2253_7000_8400_img_tcVER6Y8UQp5ph46_SIN_cls_1.jpg,1,0.55989045,1,0.4406909942626953,0,TP,FN,True,TP->FN,-0.11919945573730473,0.11919945573730473,0,0,1,dark_linear
C:\Users\amit nagar\Projects\oilguard\data\CSIRO\S1SAR_UnBalanced_400by400_Class_1\1\6_400_200_img_3yzQiqzFv8e6dc2Z_ISR_cls_1.jpg,1,0.44656369,0,0.5440211296081543,1,FN,TP,True,FN->TP,0.09745743960815428,0.09745743960815428,0,0,1,dark_linear
C:\Users\amit nagar\Projects\oilguard\data\CSIRO\S1SAR_UnBalanced_400by400_Class_0\0\1165_6800_6200_img_bWGRrk1AMPFKvGcG_GBR_cls_0.jpg,0,0.51498127,1,0.30473288893699646,0,FP,TN,True,FP->TN,-0.2102483810630036,0.2102483810630036,0,1,0,boundary
C:\Users\amit nagar\Projects\oilguard\data\CSIRO\S1SAR_UnBalanced_400by400_Class_1\1\1791_9800_6400_img_tpMDth7OTX7bs7Ul_GBR_cls_1.jpg,1,0.46132722,0,0.4266965389251709,0,FN,FN,False,unchanged,-0.034630681074829084,0.034630681074829084,0,0,0,absent
C:\Users\amit nagar\Projects\oilguard\data\CSIRO\S1SAR_UnBalanced_400by400_Class_1\1\7_600_200_img_SdUsW3uclzdKhxD9_PHI_cls_1.jpg,1,0.45559251,0,0.4602271020412445,0,FN,FN,False,unchanged,0.004634592041244501,0.004634592041244501,0,0,1,dark_linear
C:\Users\amit nagar\Projects\oilguard\data\CSIRO\S1SAR_UnBalanced_400by400_Class_0\0\794_11200_5400_img_tG8DeaIc1jdmphAJ_SIN_cls_0.jpg,0,0.39078471,0,0.37303626537323,0,TN,TN,False,unchanged,-0.01774844462677,0.01774844462677,0,0,0,absent
C:\Users\amit nagar\Projects\oilguard\data\CSIRO\S1SAR_UnBalanced_400by400_Class_0\0\0_0_0_img_oYjkrAUsvwWRo0Eg_GBR_cls_0.jpg,0,0.83177406,1,0.7803624868392944,1,FP,FP,False,unchanged,-0.05141157316070555,0.05141157316070555,0,0,0,absent
C:\Users\amit nagar\Projects\oilguard\data\CSIRO\S1SAR_UnBalanced_400by400_Class_1\1\780_9000_5400_img_PRknvNl462L3zTJM_SIN_cls_1.jpg,1,0.45699343,0,0.46171653270721436,0,FN,FN,False,unchanged,0.004723102707214377,0.004723102707214377,0,1,0,boundary
C:\Users\amit nagar\Projects\oilguard\data\CSIRO\S1SAR_UnBalanced_400by400_Class_0\0\1_200_0_img_wwU4CXztcqD9lHL4_PHI_cls_0.jpg,0,0.41505268,0,0.402794748544693,0,TN,TN,False,unchanged,-0.012257931455307014,0.012257931455307014,0,0,0,absent
C:\Users\amit nagar\Projects\oilguard\data\CSIRO\S1SAR_UnBalanced_400by400_Class_0\0\1585_11400_6600_img_2YMmnKdMBCffQic3_GBR_cls_0.jpg,0,0.31449097,0,0.260030597448349,0,TN,TN,False,unchanged,-0.05446037255165098,0.05446037255165098,0,0,0,absent
C:\Users\amit nagar\Projects\oilguard\data\CSIRO\S1SAR_UnBalanced_400by400_Class_1\1\8_0_400_img_Iqa39Tbj5VQK6kdv_JAV_cls_1.jpg,1,0.83800137,1,0.8043591976165771,1,TP,TP,False,unchanged,-0.03364217238342282,0.03364217238342282,0,0,0,absent
C:\Users\amit nagar\Projects\oilguard\data\CSIRO\S1SAR_UnBalanced_400by400_Class_1\1\1810_3600_6400_img_8lEDOupVJ0aAtcT6_SIN_cls_1.jpg,1,0.65297633,1,0.5426005125045776,1,TP,TP,False,unchanged,-0.11037581749542236,0.11037581749542236,0,0,0,absent
C:\Users\amit nagar\Projects\oilguard\data\CSIRO\S1SAR_UnBalanced_400by400_Class_0\0\628_2800_3000_img_88lk6Ea32hWzqqSP_GBR_cls_0.jpg,0,0.33412805,0,0.3046155273914337,0,TN,TN,False,unchanged,-0.029512522608566294,0.029512522608566294,0,0,0,absent
C:\Users\amit nagar\Projects\oilguard\data\CSIRO\S1SAR_UnBalanced_400by400_Class_0\0\0_0_0_img_Udnwv6AeqYW9osEC_GBR_cls_0.jpg,0,0.63290685,1,0.5616756081581116,1,FP,FP,False,unchanged,-0.07123124184188845,0.07123124184188845,0,0,0,absent
C:\Users\amit nagar\Projects\oilguard\data\CSIRO\S1SAR_UnBalanced_400by400_Class_1\1\2_400_0_img_Qnh4pkszKRBySrfk_JAV_cls_1.jpg,1,0.78985554,1,0.7868640422821045,1,TP,TP,False,unchanged,-0.0029914977178955304,0.0029914977178955304,0,0,0,absent
C:\Users\amit nagar\Projects\oilguard\data\CSIRO\S1SAR_UnBalanced_400by400_Class_1\1\2308_7200_8600_img_mlJuIT4YVol6oqPn_SIN_cls_1.jpg,1,0.48142937,0,0.47031369805336,0,FN,FN,False,unchanged,-0.011115671946640038,0.011115671946640038,0,1,0,boundary
C:\Users\amit nagar\Projects\oilguard\data\CSIRO\S1SAR_UnBalanced_400by400_Class_0\0\0_0_0_img_4oIGEIJLzVkIxSnu_GIB_cls_0.jpg,0,0.3729963,0,0.35475897789001465,0,TN,TN,False,unchanged,-0.018237322109985354,0.018237322109985354,0,0,0,absent
C:\Users\amit nagar\Projects\oilguard\data\CSIRO\S1SAR_UnBalanced_400by400_Class_0\0\0_0_0_img_wIfeaUkdr6IoeLQi_GBR_cls_0.jpg,0,0.71888334,1,0.7100073099136353,1,FP,FP,False,unchanged,-0.008876030086364728,0.008876030086364728,0,0,0,absent
C:\Users\amit nagar\Projects\oilguard\data\CSIRO\S1SAR_UnBalanced_400by400_Class_0\0\0_0_0_img_RVmNoa3VRQQVEc6r_GBR_cls_0.jpg,0,0.83459228,1,0.7735917568206787,1,FP,FP,False,unchanged,-0.06100052317932125,0.06100052317932125,0,0,0,absent
C:\Users\amit nagar\Projects\oilguard\data\CSIRO\S1SAR_UnBalanced_400by400_Class_0\0\1555_9400_6400_img_mobb4WRsYHqTPHvw_GBR_cls_0.jpg,0,0.60091656,1,0.4571734368801117,0,FP,TN,True,FP->TN,-0.14374312311988835,0.14374312311988835,0,0,0,absent
C:\Users\amit nagar\Projects\oilguard\data\CSIRO\S1SAR_UnBalanced_400by400_Class_0\0\1894_13600_10600_img_BEXPQg617n01vMaY_GBR_cls_0.jpg,0,0.23458096,0,0.2199580818414688,0,TN,TN,False,unchanged,-0.014622878158531194,0.014622878158531194,0,1,0,boundary
C:\Users\amit nagar\Projects\oilguard\data\CSIRO\S1SAR_UnBalanced_400by400_Class_0\0\2444_2800_8200_img_0XlHGDhUASkcnAet_GBR_cls_0.jpg,0,0.29847887,0,0.22527344524860382,0,TN,TN,False,unchanged,-0.07320542475139619,0.07320542475139619,0,0,0,absent
C:\Users\amit nagar\Projects\oilguard\data\CSIRO\S1SAR_UnBalanced_400by400_Class_0\0\2103_8800_7200_img_p6niUTA2arNrg96E_SIN_cls_0.jpg,0,0.56941289,1,0.41776660084724426,0,FP,TN,True,FP->TN,-0.1516462891527557,0.1516462891527557,0,0,0,absent
C:\Users\amit nagar\Projects\oilguard\data\CSIRO\S1SAR_UnBalanced_400by400_Class_0\0\2080_15000_6600_img_oEI3ISf7C8fjKgfs_GIB_cls_0.jpg,0,0.36504954,0,0.3429811894893646,0,TN,TN,False,unchanged,-0.02206835051063538,0.02206835051063538,1,0,0,white
C:\Users\amit nagar\Projects\oilguard\data\CSIRO\S1SAR_UnBalanced_400by400_Class_1\1\0_0_0_img_AONxl3nLGrC9zq8o_GBR_cls_1.jpg,1,0.71416265,1,0.6581681370735168,1,TP,TP,False,unchanged,-0.055994512926483164,0.055994512926483164,0,0,0,absent
C:\Users\amit nagar\Projects\oilguard\data\CSIRO\S1SAR_UnBalanced_400by400_Class_0\0\0_0_0_img_aopQxNVQunmz7rLt_GIB_cls_0.jpg,0,0.25422984,0,0.2672601044178009,0,TN,TN,False,unchanged,0.013030264417800919,0.013030264417800919,0,0,0,absent
C:\Users\amit nagar\Projects\oilguard\data\CSIRO\S1SAR_UnBalanced_400by400_Class_1\1\6_400_200_img_PtHOnO1I3IbASLJR_JAV_cls_1.jpg,1,0.84023881,1,0.7918801307678223,1,TP,TP,False,unchanged,-0.04835867923217774,0.04835867923217774,0,0,0,absent
C:\Users\amit nagar\Projects\oilguard\data\CSIRO\S1SAR_UnBalanced_400by400_Class_1\1\8_0_400_img_dYoTJoS9WLpMkXV5_JAV_cls_1.jpg,1,0.81794113,1,0.7994691729545593,1,TP,TP,False,unchanged,-0.01847195704544069,0.01847195704544069,0,0,0,absent
C:\Users\amit nagar\Projects\oilguard\data\CSIRO\S1SAR_UnBalanced_400by400_Class_0\0\2766_4400_10000_img_FVnVsUsNXcQDvH1f_SIN_cls_0.jpg,0,0.12419838,0,0.09148501604795456,0,TN,TN,False,unchanged,-0.03271336395204544,0.03271336395204544,1,0,1,white
C:\Users\amit nagar\Projects\oilguard\data\CSIRO\S1SAR_UnBalanced_400by400_Class_0\0\3_600_0_img_7beD0Wxdh7rEnq4Q_NOR_cls_0.jpg,0,0.24807397,0,0.24756701290607452,0,TN,TN,False,unchanged,-0.0005069570939254808,0.0005069570939254808,0,0,0,absent
C:\Users\amit nagar\Projects\oilguard\data\CSIRO\S1SAR_UnBalanced_400by400_Class_1\1\9_200_400_img_FDrgkB1sww8X6GKC_JAV_cls_1.jpg,1,0.81999564,1,0.7987433075904846,1,TP,TP,False,unchanged,-0.021252332409515406,0.021252332409515406,0,0,0,absent
C:\Users\amit nagar\Projects\oilguard\data\CSIRO\S1SAR_UnBalanced_400by400_Class_0\0\2428_6000_9600_img_E8IYLYWmPtDgquBS_GBR_cls_0.jpg,0,0.3361465,0,0.3162956237792969,0,TN,TN,False,unchanged,-0.01985087622070314,0.01985087622070314,0,1,0,boundary
C:\Users\amit nagar\Projects\oilguard\data\CSIRO\S1SAR_UnBalanced_400by400_Class_0\0\0_0_0_img_BdMoueiegcsIivTP_GBR_cls_0.jpg,0,0.77680671,1,0.7601588368415833,1,FP,FP,False,unchanged,-0.01664787315841676,0.01664787315841676,0,0,0,absent
C:\Users\amit nagar\Projects\oilguard\data\CSIRO\S1SAR_UnBalanced_400by400_Class_0\0\281_6400_1800_img_XZUJ3DjwqCIpBRsb_GBR_cls_0.jpg,0,0.60278946,1,0.4852009415626526,0,FP,TN,True,FP->TN,-0.11758851843734741,0.11758851843734741,0,0,1,dark_linear
C:\Users\amit nagar\Projects\oilguard\data\CSIRO\S1SAR_UnBalanced_400by400_Class_1\1\1_200_0_img_RzEumQgYhzKRRs17_ISR_cls_1.jpg,1,0.43925163,0,0.4219338595867157,0,FN,FN,False,unchanged,-0.017317770413284306,0.017317770413284306,0,0,0,absent
C:\Users\amit nagar\Projects\oilguard\data\CSIRO\S1SAR_UnBalanced_400by400_Class_0\0\1661_10600_9200_img_Q0NDnGeMH6peM97t_GBR_cls_0.jpg,0,0.27735224,0,0.26177817583084106,0,TN,TN,False,unchanged,-0.015574064169158963,0.015574064169158963,0,0,0,absent
C:\Users\amit nagar\Projects\oilguard\data\CSIRO\S1SAR_UnBalanced_400by400_Class_0\0\785_12000_8400_img_WTyakzl3Msvov3gB_GBR_cls_0.jpg,0,0.22745387,0,0.1605626344680786,0,TN,TN,False,unchanged,-0.06689123553192139,0.06689123553192139,1,1,0,white
C:\Users\amit nagar\Projects\oilguard\data\CSIRO\S1SAR_UnBalanced_400by400_Class_0\0\849_13000_4000_img_LytAcc2U9whr3tIV_GBR_cls_0.jpg,0,0.14297026,0,0.13460662961006165,0,TN,TN,False,unchanged,-0.008363630389938342,0.008363630389938342,0,0,0,absent
C:\Users\amit nagar\Projects\oilguard\data\CSIRO\S1SAR_UnBalanced_400by400_Class_1\1\2_400_0_img_RSZC4yWOzaW4wH8E_JAV_cls_1.jpg,1,0.83122015,1,0.7947614789009094,1,TP,TP,False,unchanged,-0.03645867109909062,0.03645867109909062,0,0,0,absent
C:\Users\amit nagar\Projects\oilguard\data\CSIRO\S1SAR_UnBalanced_400by400_Class_0\0\2707_3400_9200_img_s3dlq661c3SXIEWr_SIN_cls_0.jpg,0,0.33931243,0,0.2851592004299164,0,TN,TN,False,unchanged,-0.054153229570083616,0.054153229570083616,1,0,0,white
C:\Users\amit nagar\Projects\oilguard\data\CSIRO\S1SAR_UnBalanced_400by400_Class_0\0\498_9400_3000_img_duUaUGveHCOGwxFB_GBR_cls_0.jpg,0,0.24092628,0,0.17635168135166168,0,TN,TN,False,unchanged,-0.06457459864833831,0.06457459864833831,1,0,0,white
C:\Users\amit nagar\Projects\oilguard\data\CSIRO\S1SAR_UnBalanced_400by400_Class_0\0\865_9600_3600_img_PO86Qy2R4SGw4erQ_GBR_cls_0.jpg,0,0.44774404,0,0.4469318985939026,0,TN,TN,False,unchanged,-0.0008121414060974219,0.0008121414060974219,0,0,0,absent
C:\Users\amit nagar\Projects\oilguard\data\CSIRO\S1SAR_UnBalanced_400by400_Class_0\0\845_11000_8400_img_92CpCctRR5sVkZD3_GBR_cls_0.jpg,0,0.40352082,0,0.3716621398925781,0,TN,TN,False,unchanged,-0.03185868010742188,0.03185868010742188,1,0,0,white
C:\Users\amit nagar\Projects\oilguard\data\CSIRO\S1SAR_UnBalanced_400by400_Class_0\0\0_0_0_img_AQii5BYU8YeyeIEH_GBR_cls_0.jpg,0,0.83714944,1,0.7812728881835938,1,FP,FP,False,unchanged,-0.05587655181640627,0.05587655181640627,0,0,0,absent
C:\Users\amit nagar\Projects\oilguard\data\CSIRO\S1SAR_UnBalanced_400by400_Class_0\0\216_9600_2200_img_v7BGCjsF0b0fVE2V_SIN_cls_0.jpg,0,0.38359511,0,0.3469284474849701,0,TN,TN,False,unchanged,-0.036666662515029924,0.036666662515029924,1,0,0,white
C:\Users\amit nagar\Projects\oilguard\data\CSIRO\S1SAR_UnBalanced_400by400_Class_0\0\412_6600_6200_img_JNF72lbwsihB6cnt_GBR_cls_0.jpg,0,0.48443678,0,0.4726305305957794,0,TN,TN,False,unchanged,-0.011806249404220592,0.011806249404220592,0,0,0,absent
C:\Users\amit nagar\Projects\oilguard\data\CSIRO\S1SAR_UnBalanced_400by400_Class_0\0\0_0_0_img_miCwv8DkkCW2EXjI_BAH_cls_0.jpg,0,0.43619883,0,0.31491824984550476,0,TN,TN,False,unchanged,-0.12128058015449522,0.12128058015449522,0,0,0,absent
C:\Users\amit nagar\Projects\oilguard\data\CSIRO\S1SAR_UnBalanced_400by400_Class_1\1\5_200_200_img_M0Owb651yXm9W8kR_EGY_cls_1.jpg,1,0.52163595,1,0.48111066222190857,0,TP,FN,True,TP->FN,-0.04052528777809139,0.04052528777809139,0,1,0,boundary
C:\Users\amit nagar\Projects\oilguard\data\CSIRO\S1SAR_UnBalanced_400by400_Class_0\0\1294_6800_5800_img_7YaCR14a4TI7rrAY_GBR_cls_0.jpg,0,0.22868963,0,0.19894807040691376,0,TN,TN,False,unchanged,-0.029741559593086248,0.029741559593086248,0,0,0,absent
C:\Users\amit nagar\Projects\oilguard\data\CSIRO\S1SAR_UnBalanced_400by400_Class_0\0\2270_7400_9000_img_tahRpzaQZdZQTcec_GBR_cls_0.jpg,0,0.44749328,0,0.3830673396587372,0,TN,TN,False,unchanged,-0.06442594034126281,0.06442594034126281,0,0,0,absent
C:\Users\amit nagar\Projects\oilguard\data\CSIRO\S1SAR_UnBalanced_400by400_Class_0\0\1064_8000_4000_img_XndbQb9lrxyQNUcC_GIB_cls_0.jpg,0,0.54924977,1,0.43901145458221436,0,FP,TN,True,FP->TN,-0.11023831541778562,0.11023831541778562,0,1,0,boundary
C:\Users\amit nagar\Projects\oilguard\data\CSIRO\S1SAR_UnBalanced_400by400_Class_0\0\2397_10800_9600_img_6XtME60zC4ZPVao1_GBR_cls_0.jpg,0,0.50767386,1,0.3546670973300934,0,FP,TN,True,FP->TN,-0.15300676266990665,0.15300676266990665,0,1,0,boundary
C:\Users\amit nagar\Projects\oilguard\data\CSIRO\S1SAR_UnBalanced_400by400_Class_0\0\1053_5800_4000_img_DzJlolB2YEdhGuNm_GIB_cls_0.jpg,0,0.60652065,1,0.4406506419181824,0,FP,TN,True,FP->TN,-0.16587000808181762,0.16587000808181762,0,1,0,boundary
C:\Users\amit nagar\Projects\oilguard\data\CSIRO\S1SAR_UnBalanced_400by400_Class_0\0\0_0_0_img_1eNBAJLLbEp9_VEN_cls_0.jpg,0,0.73112094,1,0.6585882306098938,1,FP,FP,False,unchanged,-0.07253270939010625,0.07253270939010625,0,0,0,absent
C:\Users\amit nagar\Projects\oilguard\data\CSIRO\S1SAR_UnBalanced_400by400_Class_0\0\1019_15600_3800_img_u8uOzpKnPirGPHvS_GIB_cls_0.jpg,0,0.36850369,0,0.34688708186149597,0,TN,TN,False,unchanged,-0.021616608138504023,0.021616608138504023,0,0,0,absent
C:\Users\amit nagar\Projects\oilguard\data\CSIRO\S1SAR_UnBalanced_400by400_Class_1\1\939_7400_4400_img_ASvSLk2JXkRsDyzx_GBR_cls_1.jpg,1,0.62208539,1,0.4642845094203949,0,TP,FN,True,TP->FN,-0.15780088057960506,0.15780088057960506,0,0,0,absent
C:\Users\amit nagar\Projects\oilguard\data\CSIRO\S1SAR_UnBalanced_400by400_Class_0\0\0_0_0_img_BK90Z27vRguORzMY_PHI_cls_0.jpg,0,0.43764108,0,0.5184154510498047,1,TN,FP,True,TN->FP,0.08077437104980467,0.08077437104980467,0,0,0,absent
C:\Users\amit nagar\Projects\oilguard\data\CSIRO\S1SAR_UnBalanced_400by400_Class_0\0\874_10000_4400_img_quhxp09p3vd0OQ1p_GBR_cls_0.jpg,0,0.26061344,0,0.18154530227184296,0,TN,TN,False,unchanged,-0.07906813772815702,0.07906813772815702,1,1,0,white
C:\Users\amit nagar\Projects\oilguard\data\CSIRO\S1SAR_UnBalanced_400by400_Class_0\0\1718_8600_8000_img_TSbkSxWS6Eg8n2lU_GBR_cls_0.jpg,0,0.53105223,1,0.4016478359699249,0,FP,TN,True,FP->TN,-0.1294043940300751,0.1294043940300751,0,1,1,boundary
C:\Users\amit nagar\Projects\oilguard\data\CSIRO\S1SAR_UnBalanced_400by400_Class_1\1\2012_9200_10600_img_EYdqECiPP7Qoc68a_GBR_cls_1.jpg,1,0.45721909,0,0.4610559046268463,0,FN,FN,False,unchanged,0.003836814626846319,0.003836814626846319,0,0,0,absent
C:\Users\amit nagar\Projects\oilguard\data\CSIRO\S1SAR_UnBalanced_400by400_Class_0\0\1_200_0_img_0YfShanad3Ym3OPA_GBR_cls_0.jpg,0,0.60255396,1,0.5092707276344299,1,FP,FP,False,unchanged,-0.09328323236557012,0.09328323236557012,0,0,0,absent
C:\Users\amit nagar\Projects\oilguard\data\CSIRO\S1SAR_UnBalanced_400by400_Class_0\0\679_11800_3200_img_1KAHYsnaDtueYiyt_GBR_cls_0.jpg,0,0.46990106,0,0.45410704612731934,0,TN,TN,False,unchanged,-0.015794013872680646,0.015794013872680646,0,0,0,absent
C:\Users\amit nagar\Projects\oilguard\data\CSIRO\S1SAR_UnBalanced_400by400_Class_0\0\211_8200_2200_img_ZJK9NHjfM0RUBapS_SIN_cls_0.jpg,0,0.55853319,1,0.450067400932312,0,FP,TN,True,FP->TN,-0.108465789067688,0.108465789067688,0,0,0,absent
C:\Users\amit nagar\Projects\oilguard\data\CSIRO\S1SAR_UnBalanced_400by400_Class_0\0\354_8600_5800_img_R60eEKkmJGplurXs_GBR_cls_0.jpg,0,0.40365839,0,0.30845537781715393,0,TN,TN,False,unchanged,-0.09520301218284605,0.09520301218284605,0,0,0,absent
C:\Users\amit nagar\Projects\oilguard\data\CSIRO\S1SAR_UnBalanced_400by400_Class_0\0\240_6200_1600_img_emWA97lkpn3YcFjc_GBR_cls_0.jpg,0,0.44716159,0,0.3759884536266327,0,TN,TN,False,unchanged,-0.07117313637336731,0.07117313637336731,0,0,1,dark_linear
C:\Users\amit nagar\Projects\oilguard\data\CSIRO\S1SAR_UnBalanced_400by400_Class_0\0\1141_10800_5000_img_awakQX7fxEbfdBTx_GBR_cls_0.jpg,0,0.17193697,0,0.12232859432697296,0,TN,TN,False,unchanged,-0.04960837567302703,0.04960837567302703,1,0,0,white
C:\Users\amit nagar\Projects\oilguard\data\CSIRO\S1SAR_UnBalanced_400by400_Class_0\0\0_0_0_img_aTHxjqDW3GxeOBRX_PHI_cls_0.jpg,0,0.34004217,0,0.3820168972015381,0,TN,TN,False,unchanged,0.04197472720153811,0.04197472720153811,0,0,0,absent
C:\Users\amit nagar\Projects\oilguard\data\CSIRO\S1SAR_UnBalanced_400by400_Class_0\0\405_12600_4400_img_S2GhAcE2YNxzWDyF_GBR_cls_0.jpg,0,0.27835402,0,0.2516438364982605,0,TN,TN,False,unchanged,-0.026710183501739482,0.026710183501739482,0,1,0,boundary
C:\Users\amit nagar\Projects\oilguard\data\CSIRO\S1SAR_UnBalanced_400by400_Class_0\0\842_12400_9000_img_JzkSDHRmBpTafGC5_GBR_cls_0.jpg,0,0.26007256,0,0.18894672393798828,0,TN,TN,False,unchanged,-0.07112583606201173,0.07112583606201173,1,1,0,white
C:\Users\amit nagar\Projects\oilguard\data\CSIRO\S1SAR_UnBalanced_400by400_Class_0\0\2291_4000_7800_img_YW34psIch0rZ60G2_GBR_cls_0.jpg,0,0.50226331,1,0.3931606709957123,0,FP,TN,True,FP->TN,-0.10910263900428774,0.10910263900428774,0,0,0,absent
C:\Users\amit nagar\Projects\oilguard\data\CSIRO\S1SAR_UnBalanced_400by400_Class_0\0\101_13400_3000_img_NwJmBA543KgLfd5S_GBR_cls_0.jpg,0,0.42516109,0,0.427334189414978,0,TN,TN,False,unchanged,0.002173099414978008,0.002173099414978008,0,1,0,boundary
C:\Users\amit nagar\Projects\oilguard\data\CSIRO\S1SAR_UnBalanced_400by400_Class_0\0\2084_15800_6600_img_qMkE1xtgueYJHpOE_GIB_cls_0.jpg,0,0.39172512,0,0.372310608625412,0,TN,TN,False,unchanged,-0.019414511374587995,0.019414511374587995,0,0,0,absent
C:\Users\amit nagar\Projects\oilguard\data\CSIRO\S1SAR_UnBalanced_400by400_Class_1\1\5_200_200_img_NwHmSQJtuVD4aLua_JAV_cls_1.jpg,1,0.81490201,1,0.7405885457992554,1,TP,TP,False,unchanged,-0.07431346420074458,0.07431346420074458,0,0,0,absent
C:\Users\amit nagar\Projects\oilguard\data\CSIRO\S1SAR_UnBalanced_400by400_Class_0\0\0_0_0_img_O7SztEX7JVUzqrdB_MLA_cls_0.jpg,0,0.46776304,0,0.4721287488937378,0,TN,TN,False,unchanged,0.004365708893737774,0.004365708893737774,0,0,0,absent
C:\Users\amit nagar\Projects\oilguard\data\CSIRO\S1SAR_UnBalanced_400by400_Class_0\0\3_600_0_img_tCUTQABMnai5oOh1_JAV_cls_0.jpg,0,0.83443272,1,0.8068731427192688,1,FP,FP,False,unchanged,-0.027559577280731218,0.027559577280731218,0,0,0,absent
C:\Users\amit nagar\Projects\oilguard\data\CSIRO\S1SAR_UnBalanced_400by400_Class_0\0\2576_6400_9000_img_0NhX50IUm5Lh11m6_SIN_cls_0.jpg,0,0.44924942,0,0.4542774260044098,0,TN,TN,False,unchanged,0.00502800600440978,0.00502800600440978,0,0,0,absent
C:\Users\amit nagar\Projects\oilguard\data\CSIRO\S1SAR_UnBalanced_400by400_Class_1\1\1_200_0_img_IeBmQx9C3aBbnUba_JAV_cls_1.jpg,1,0.81643343,1,0.7948843240737915,1,TP,TP,False,unchanged,-0.02154910592620851,0.02154910592620851,0,0,0,absent
C:\Users\amit nagar\Projects\oilguard\data\CSIRO\S1SAR_UnBalanced_400by400_Class_0\0\535_1800_2600_img_YTAQHQ6Ub5AO2wEx_SIN_cls_0.jpg,0,0.14742908,0,0.12013942003250122,0,TN,TN,False,unchanged,-0.02728965996749877,0.02728965996749877,1,0,0,white
C:\Users\amit nagar\Projects\oilguard\data\CSIRO\S1SAR_UnBalanced_400by400_Class_0\0\2606_6800_8600_img_H2v9Pp7hcVzjeExd_GBR_cls_0.jpg,0,0.22655685,0,0.17786285281181335,0,TN,TN,False,unchanged,-0.04869399718818665,0.04869399718818665,1,1,0,white
C:\Users\amit nagar\Projects\oilguard\data\CSIRO\S1SAR_UnBalanced_400by400_Class_1\1\2674_8000_9000_img_jGwUeasbjouH8YDP_SIN_cls_1.jpg,1,0.60943675,1,0.48633062839508057,0,TP,FN,True,TP->FN,-0.1231061216049194,0.1231061216049194,0,0,0,absent
C:\Users\amit nagar\Projects\oilguard\data\CSIRO\S1SAR_UnBalanced_400by400_Class_0\0\9_200_400_img_1TDZ4mPosbER_VEN_cls_0.jpg,0,0.74286604,1,0.6542229652404785,1,FP,FP,False,unchanged,-0.08864307475952149,0.08864307475952149,0,0,0,absent
C:\Users\amit nagar\Projects\oilguard\data\CSIRO\S1SAR_UnBalanced_400by400_Class_0\0\1138_9200_5400_img_KbkogPcMFABYvuHc_GBR_cls_0.jpg,0,0.37603748,0,0.36212247610092163,0,TN,TN,False,unchanged,-0.013915003899078349,0.013915003899078349,0,0,1,dark_linear
C:\Users\amit nagar\Projects\oilguard\data\CSIRO\S1SAR_UnBalanced_400by400_Class_1\1\3_600_0_img_xFHi5Ujq9VWX0E6E_GBR_cls_1.jpg,1,0.81738418,1,0.7433253526687622,1,TP,TP,False,unchanged,-0.07405882733123781,0.07405882733123781,0,0,0,absent
C:\Users\amit nagar\Projects\oilguard\data\CSIRO\S1SAR_UnBalanced_400by400_Class_1\1\2054_11400_8200_img_xXQvRbPbL1v6dS8S_GBR_cls_1.jpg,1,0.4049544,0,0.395547479391098,0,FN,FN,False,unchanged,-0.00940692060890197,0.00940692060890197,0,1,0,boundary
C:\Users\amit nagar\Projects\oilguard\data\CSIRO\S1SAR_UnBalanced_400by400_Class_0\0\2625_5000_8800_img_zVShF7vIfALbEMmo_GBR_cls_0.jpg,0,0.4461402,0,0.42224356532096863,0,TN,TN,False,unchanged,-0.02389663467903136,0.02389663467903136,0,0,0,absent
C:\Users\amit nagar\Projects\oilguard\data\CSIRO\S1SAR_UnBalanced_400by400_Class_0\0\633_4600_3200_img_N2nTEY1vsBLKAtWv_GBR_cls_0.jpg,0,0.262052,0,0.21864309906959534,0,TN,TN,False,unchanged,-0.04340890093040467,0.04340890093040467,0,1,0,boundary
C:\Users\amit nagar\Projects\oilguard\data\CSIRO\S1SAR_UnBalanced_400by400_Class_1\1\0_0_0_img_S3gTpJPZz2eueKaB_GBR_cls_1.jpg,1,0.77480137,1,0.6862238645553589,1,TP,TP,False,unchanged,-0.08857750544464116,0.08857750544464116,0,0,0,absent
C:\Users\amit nagar\Projects\oilguard\data\CSIRO\S1SAR_UnBalanced_400by400_Class_0\0\357_13400_2400_img_vWWNcPbQ29fbb9yq_GBR_cls_0.jpg,0,0.11658122,0,0.0868772342801094,0,TN,TN,False,unchanged,-0.029703985719890594,0.029703985719890594,1,0,1,white
C:\Users\amit nagar\Projects\oilguard\data\CSIRO\S1SAR_UnBalanced_400by400_Class_1\1\147_4600_1200_img_hFmiDNe5gp7Jg6cX_SIN_cls_1.jpg,1,0.41954342,0,0.3191719353199005,0,FN,FN,False,unchanged,-0.10037148468009949,0.10037148468009949,0,1,1,boundary
C:\Users\amit nagar\Projects\oilguard\data\CSIRO\S1SAR_UnBalanced_400by400_Class_0\0\1_200_0_img_rnmKolPdgHT3AEYN_BAH_cls_0.jpg,0,0.19941519,0,0.176278755068779,0,TN,TN,False,unchanged,-0.023136434931221,0.023136434931221,0,1,0,boundary
C:\Users\amit nagar\Projects\oilguard\data\CSIRO\S1SAR_UnBalanced_400by400_Class_1\1\3_600_0_img_j92wbe5OEX8miJHa_BAH_cls_1.jpg,1,0.49548337,0,0.4977548122406006,0,FN,FN,False,unchanged,0.0022714422406006074,0.0022714422406006074,0,0,0,absent
C:\Users\amit nagar\Projects\oilguard\data\CSIRO\S1SAR_UnBalanced_400by400_Class_0\0\1790_12600_7600_img_eeHJfv9OJtv9RYUj_GBR_cls_0.jpg,0,0.20068836,0,0.15436787903308868,0,TN,TN,False,unchanged,-0.046320480966911326,0.046320480966911326,1,0,0,white
C:\Users\amit nagar\Projects\oilguard\data\CSIRO\S1SAR_UnBalanced_400by400_Class_0\0\1430_3800_5600_img_gHSPrFxvJYDqZpCQ_SIN_cls_0.jpg,0,0.6857729,1,0.5591840744018555,1,FP,FP,False,unchanged,-0.12658882559814455,0.12658882559814455,0,0,0,absent
C:\Users\amit nagar\Projects\oilguard\data\CSIRO\S1SAR_UnBalanced_400by400_Class_0\0\1483_12400_7200_img_dixIJtcGp8y3LqO3_GBR_cls_0.jpg,0,0.47124761,0,0.46814072132110596,0,TN,TN,False,unchanged,-0.0031068886788940264,0.0031068886788940264,0,1,0,boundary
C:\Users\amit nagar\Projects\oilguard\data\CSIRO\S1SAR_UnBalanced_400by400_Class_0\0\1412_600_6000_img_9bhoWLfoXZ7lnyW4_GBR_cls_0.jpg,0,0.60854375,1,0.4853801131248474,0,FP,TN,True,FP->TN,-0.12316363687515264,0.12316363687515264,0,0,0,absent
C:\Users\amit nagar\Projects\oilguard\data\CSIRO\S1SAR_UnBalanced_400by400_Class_0\0\1994_13200_8600_img_aSYsNBGwR65XjXCC_GBR_cls_0.jpg,0,0.40949947,0,0.3274042010307312,0,TN,TN,False,unchanged,-0.08209526896926878,0.08209526896926878,1,1,0,white
C:\Users\amit nagar\Projects\oilguard\data\CSIRO\S1SAR_UnBalanced_400by400_Class_0\0\125_9400_1000_img_LBgm1r6suARdAZxw_SIN_cls_0.jpg,0,0.47544569,0,0.3376762270927429,0,TN,TN,False,unchanged,-0.13776946290725706,0.13776946290725706,0,0,0,absent
C:\Users\amit nagar\Projects\oilguard\data\CSIRO\S1SAR_UnBalanced_400by400_Class_0\0\1323_5000_5400_img_7qVfmA0iQv6BkCNF_GBR_cls_0.jpg,0,0.3056919,0,0.22961893677711487,0,TN,TN,False,unchanged,-0.07607296322288515,0.07607296322288515,1,1,0,white
C:\Users\amit nagar\Projects\oilguard\data\CSIRO\S1SAR_UnBalanced_400by400_Class_0\0\2484_12400_8600_img_zQ1ZiwzGJ8VkLa35_SIN_cls_0.jpg,0,0.03455883,0,0.024275843054056168,0,TN,TN,False,unchanged,-0.010282986945943831,0.010282986945943831,1,0,0,white
C:\Users\amit nagar\Projects\oilguard\data\CSIRO\S1SAR_UnBalanced_400by400_Class_0\0\2816_2800_9800_img_ASfDjhKyQWFIlhzV_GBR_cls_0.jpg,0,0.06944399,0,0.06201096251606941,0,TN,TN,False,unchanged,-0.007433027483930585,0.007433027483930585,1,0,0,white
C:\Users\amit nagar\Projects\oilguard\data\CSIRO\S1SAR_UnBalanced_400by400_Class_0\0\1693_10600_9400_img_Aax8WnVpFtrMI8GU_GBR_cls_0.jpg,0,0.42430568,0,0.4113674759864807,0,TN,TN,False,unchanged,-0.012938204013519305,0.012938204013519305,0,1,0,boundary
C:\Users\amit nagar\Projects\oilguard\data\CSIRO\S1SAR_UnBalanced_400by400_Class_0\0\311_5400_2000_img_g8AGstiPPlKRiJtf_GBR_cls_0.jpg,0,0.40614247,0,0.3809712827205658,0,TN,TN,False,unchanged,-0.025171187279434182,0.025171187279434182,0,1,0,boundary
C:\Users\amit nagar\Projects\oilguard\data\CSIRO\S1SAR_UnBalanced_400by400_Class_1\1\0_0_0_img_JpiIZN3pVmaym4T9_Ja_crop30220_12500_4500_img_JpiIZN3pVmaym4T9_JAV_cls_1.jpg,1,0.68229675,1,0.6331268548965454,1,TP,TP,False,unchanged,-0.0491698951034546,0.0491698951034546,0,0,0,absent
C:\Users\amit nagar\Projects\oilguard\data\CSIRO\S1SAR_UnBalanced_400by400_Class_1\1\1194_6600_4600_img_UPvUuVgd0IS2mVE5_SIN_cls_1.jpg,1,0.44582397,0,0.4534952938556671,0,FN,FN,False,unchanged,0.0076713238556671,0.0076713238556671,0,1,1,boundary
C:\Users\amit nagar\Projects\oilguard\data\CSIRO\S1SAR_UnBalanced_400by400_Class_1\1\15_600_600_img_cHhFFziPyRUpZsaj_GBR_cls_1.jpg,1,0.80955523,1,0.7356396913528442,1,TP,TP,False,unchanged,-0.07391553864715572,0.07391553864715572,0,0,0,absent
C:\Users\amit nagar\Projects\oilguard\data\CSIRO\S1SAR_UnBalanced_400by400_Class_1\1\1_200_0_img_y2fwdWR9H60DMWEV_JAV_cls_1.jpg,1,0.63143635,1,0.7322843074798584,1,TP,TP,False,unchanged,0.10084795747985842,0.10084795747985842,0,0,0,absent
C:\Users\amit nagar\Projects\oilguard\data\CSIRO\S1SAR_UnBalanced_400by400_Class_0\0\0_0_0_img_fLfOMa8x25lTFMB4_ADR_cls_0.jpg,0,0.27060914,0,0.2339635044336319,0,TN,TN,False,unchanged,-0.03664563556636813,0.03664563556636813,1,1,1,white
C:\Users\amit nagar\Projects\oilguard\data\CSIRO\S1SAR_UnBalanced_400by400_Class_1\1\334_10200_2800_img_pEPYuKYPPtpkgLzw_SIN_cls_1.jpg,1,0.66553938,1,0.5638548135757446,1,TP,TP,False,unchanged,-0.10168456642425538,0.10168456642425538,0,0,0,absent
C:\Users\amit nagar\Projects\oilguard\data\CSIRO\S1SAR_UnBalanced_400by400_Class_0\0\1627_8000_6200_img_eLZMP0nv6NSgrX2S_SIN_cls_0.jpg,0,0.48587587,0,0.47298967838287354,0,TN,TN,False,unchanged,-0.012886191617126452,0.012886191617126452,0,0,0,absent
C:\Users\amit nagar\Projects\oilguard\data\CSIRO\S1SAR_UnBalanced_400by400_Class_0\0\2836_5800_9400_img_kxlyAUaneWSaUDU6_GBR_cls_0.jpg,0,0.40033311,0,0.35861435532569885,0,TN,TN,False,unchanged,-0.04171875467430114,0.04171875467430114,1,1,0,white
C:\Users\amit nagar\Projects\oilguard\data\CSIRO\S1SAR_UnBalanced_400by400_Class_0\0\1628_10400_9000_img_y0SqEcqQdJEVsKwy_GBR_cls_0.jpg,0,0.21774824,0,0.21215683221817017,0,TN,TN,False,unchanged,-0.0055914077818298435,0.0055914077818298435,0,0,0,absent
C:\Users\amit nagar\Projects\oilguard\data\CSIRO\S1SAR_UnBalanced_400by400_Class_1\1\5_200_200_img_5kGVmueXtUvRGri8_JAV_cls_1.jpg,1,0.83977234,1,0.8065655827522278,1,TP,TP,False,unchanged,-0.03320675724777222,0.03320675724777222,0,0,0,absent
C:\Users\amit nagar\Projects\oilguard\data\CSIRO\S1SAR_UnBalanced_400by400_Class_0\0\2_400_0_img_0t9JBHeOeBHgaLmJ_JAV_cls_0.jpg,0,0.83374679,1,0.7647069096565247,1,FP,FP,False,unchanged,-0.0690398803434753,0.0690398803434753,0,0,0,absent
C:\Users\amit nagar\Projects\oilguard\data\CSIRO\S1SAR_UnBalanced_400by400_Class_1\1\2662_5600_9000_img_hycQbFOEviWZLgfy_SIN_cls_1.jpg,1,0.44387147,0,0.4492581784725189,0,FN,FN,False,unchanged,0.005386708472518931,0.005386708472518931,0,0,0,absent
C:\Users\amit nagar\Projects\oilguard\data\CSIRO\S1SAR_UnBalanced_400by400_Class_0\0\1605_8000_6600_img_egZaH3xjWjHfUoO0_GBR_cls_0.jpg,0,0.28824106,0,0.2306150645017624,0,TN,TN,False,unchanged,-0.0576259954982376,0.0576259954982376,0,0,1,dark_linear
C:\Users\amit nagar\Projects\oilguard\data\CSIRO\S1SAR_UnBalanced_400by400_Class_0\0\2121_11400_9400_img_NYXrcz4ptuYoudHj_GBR_cls_0.jpg,0,0.15940392,0,0.10122302174568176,0,TN,TN,False,unchanged,-0.05818089825431824,0.05818089825431824,1,0,0,white
C:\Users\amit nagar\Projects\oilguard\data\CSIRO\S1SAR_UnBalanced_400by400_Class_1\1\1494_4400_5600_img_PNydxmP1dHuhu6cQ_SIN_cls_1.jpg,1,0.48565155,0,0.48760986328125,0,FN,FN,False,unchanged,0.0019583132812500126,0.0019583132812500126,0,0,0,absent
C:\Users\amit nagar\Projects\oilguard\data\CSIRO\S1SAR_UnBalanced_400by400_Class_0\0\0_0_0_img_5SrOchX6Ji8nCEgz_GBR_cls_0.jpg,0,0.35517269,0,0.3333832025527954,0,TN,TN,False,unchanged,-0.021789487447204603,0.021789487447204603,0,0,0,absent
C:\Users\amit nagar\Projects\oilguard\data\CSIRO\S1SAR_UnBalanced_400by400_Class_0\0\0_0_0_img_3OIdKia8rcNnaSIX_GGu_cls_0.jpg,0,0.84995627,1,0.8102311491966248,1,FP,FP,False,unchanged,-0.0397251208033752,0.0397251208033752,0,0,0,absent
C:\Users\amit nagar\Projects\oilguard\data\CSIRO\S1SAR_UnBalanced_400by400_Class_0\0\1_200_0_img_4rbeDibpW8JWvS5L_NOR_cls_0.jpg,0,0.26443365,0,0.2781110405921936,0,TN,TN,False,unchanged,0.013677390592193583,0.013677390592193583,0,0,0,absent
C:\Users\amit nagar\Projects\oilguard\data\CSIRO\S1SAR_UnBalanced_400by400_Class_0\0\11_600_400_img_a5TNIJ81YmswTpq2_EGY_cls_0.jpg,0,0.13164741,0,0.0841393992304802,0,TN,TN,False,unchanged,-0.0475080107695198,0.0475080107695198,1,0,0,white
C:\Users\amit nagar\Projects\oilguard\data\CSIRO\S1SAR_UnBalanced_400by400_Class_0\0\4_12200_0_img_MwVjnIYRZP47diWz_SIN_cls_0.jpg,0,0.04020083,0,0.024851081892848015,0,TN,TN,False,unchanged,-0.015349748107151985,0.015349748107151985,1,0,0,white
C:\Users\amit nagar\Projects\oilguard\data\CSIRO\S1SAR_UnBalanced_400by400_Class_0\0\174_11400_3000_img_FaHC1DfbUeoXKyMH_GBR_cls_0.jpg,0,0.09078579,0,0.06300979107618332,0,TN,TN,False,unchanged,-0.027775998923816686,0.027775998923816686,1,0,0,white
C:\Users\amit nagar\Projects\oilguard\data\CSIRO\S1SAR_UnBalanced_400by400_Class_0\0\1062_7600_4000_img_O2vVBtIG4bhzLqv4_GIB_cls_0.jpg,0,0.59497702,1,0.4568951725959778,0,FP,TN,True,FP->TN,-0.13808184740402218,0.13808184740402218,0,0,0,absent
C:\Users\amit nagar\Projects\oilguard\data\CSIRO\S1SAR_UnBalanced_400by400_Class_1\1\6_400_200_img_G1qAJOObl0udgKhm_JAV_cls_1.jpg,1,0.8483122,1,0.7990692257881165,1,TP,TP,False,unchanged,-0.049242974211883506,0.049242974211883506,0,0,0,absent
C:\Users\amit nagar\Projects\oilguard\data\CSIRO\S1SAR_UnBalanced_400by400_Class_1\1\1465_3600_5400_img_9CnkNpBSF4LaWS1E_SIN_cls_1.jpg,1,0.38616425,0,0.3306911885738373,0,FN,FN,False,unchanged,-0.055473061426162706,0.055473061426162706,0,0,1,dark_linear
C:\Users\amit nagar\Projects\oilguard\data\CSIRO\S1SAR_UnBalanced_400by400_Class_1\1\2_400_0_img_ELN5AgzEFeuizURx_JAV_cls_1.jpg,1,0.71480304,1,0.7503488659858704,1,TP,TP,False,unchanged,0.035545825985870416,0.035545825985870416,0,0,0,absent
